asset_id,cse_id,asset_type,system_type,asset_criticality,monitoring_status,control_association,business_criticality,environment,owner_group,active_status
CSE-001-AST-001,CSE-001,Network_Device,Database,Medium,Monitored,CTRL-DET-02,Medium,Development,Application,Active
CSE-001-AST-002,CSE-001,Endpoint,Operations,Low,Not_Monitored,CTRL-VUL-05,Low,Corporate,SOC,Active
CSE-001-AST-003,CSE-001,Server,Database,Medium,Monitored,CTRL-IR-03,Medium,Production,Infrastructure,Active
CSE-001-AST-004,CSE-001,Cloud_Service,Industrial_Control,Medium,Monitored,CTRL-IR-03,Medium,DR,IT_Operations,Active
CSE-001-AST-005,CSE-001,Endpoint,Identity,Low,Partially_Monitored,CTRL-MON-01,Low,DR,IT_Operations,Active
CSE-001-AST-006,CSE-001,Server,Public_Facing,Medium,Partially_Monitored,CTRL-ACC-04,Medium,Corporate,SOC,Active
CSE-001-AST-007,CSE-001,Industrial_System,Core_Network,High,Partially_Monitored,CTRL-ACC-04,High,Development,SOC,Active
CSE-001-AST-008,CSE-001,Server,Messaging,Low,Not_Monitored,CTRL-MON-01,Low,Production,SOC,Active
CSE-001-AST-009,CSE-001,Industrial_System,Messaging,Medium,Not_Monitored,CTRL-IR-03,Medium,Production,Network,Active
CSE-001-AST-010,CSE-001,Application,Business_App,High,Monitored,CTRL-ACC-04,High,Development,Network,Active
CSE-001-AST-011,CSE-001,Industrial_System,Business_App,Medium,Monitored,CTRL-VUL-05,Medium,DR,Network,Active
CSE-001-AST-012,CSE-001,Application,Operations,High,Monitored,CTRL-DET-02,High,DR,IT_Operations,Active
CSE-001-AST-013,CSE-001,Cloud_Service,Database,High,Monitored,CTRL-MON-01,High,Development,Application,Active
CSE-001-AST-014,CSE-001,Endpoint,Operations,Medium,Monitored,CTRL-ACC-04,Medium,Production,SOC,Active
CSE-001-AST-015,CSE-001,Industrial_System,Identity,High,Monitored,CTRL-IR-03,High,DR,SOC,Active
CSE-001-AST-016,CSE-001,Server,Messaging,Low,Not_Monitored,CTRL-VUL-05,Low,Corporate,Network,Active
CSE-001-AST-017,CSE-001,Database,Public_Facing,High,Monitored,CTRL-MON-01,High,Development,Network,Retired
CSE-001-AST-018,CSE-001,Endpoint,Business_App,Medium,Monitored,CTRL-VUL-05,Medium,DR,SOC,Active
CSE-001-AST-019,CSE-001,Application,Public_Facing,Medium,Monitored,CTRL-DET-02,Medium,Development,Application,Active
CSE-001-AST-020,CSE-001,Cloud_Service,Industrial_Control,High,Not_Monitored,CTRL-VUL-05,High,DR,SOC,Active
CSE-001-AST-021,CSE-001,Endpoint,Industrial_Control,Medium,Not_Monitored,CTRL-IR-03,Medium,DR,Infrastructure,Active
CSE-001-AST-022,CSE-001,Database,Identity,Low,Monitored,CTRL-VUL-05,Low,Development,SOC,Active
CSE-001-AST-023,CSE-001,Server,Database,High,Monitored,CTRL-DET-02,High,Corporate,SOC,Active
CSE-001-AST-024,CSE-001,Cloud_Service,Public_Facing,Low,Partially_Monitored,CTRL-DET-02,Low,Corporate,SOC,Active
CSE-001-AST-025,CSE-001,Industrial_System,Public_Facing,High,Monitored,CTRL-VUL-05,High,Production,Network,Active
CSE-001-AST-026,CSE-001,Endpoint,Operations,Medium,Monitored,CTRL-DET-02,Medium,Development,Application,Active
CSE-001-AST-027,CSE-001,Network_Device,Business_App,Low,Not_Monitored,CTRL-IR-03,Low,Development,Application,Active
CSE-001-AST-028,CSE-001,Application,Operations,Medium,Not_Monitored,CTRL-DET-02,Medium,Production,IT_Operations,Active
CSE-001-AST-029,CSE-001,Endpoint,Identity,Low,Monitored,CTRL-ACC-04,Low,Development,IT_Operations,Active
CSE-001-AST-030,CSE-001,Network_Device,Industrial_Control,High,Monitored,CTRL-IR-03,High,Development,Network,Active
CSE-001-AST-031,CSE-001,Cloud_Service,Public_Facing,High,Monitored,CTRL-DET-02,High,DR,SOC,Active
CSE-001-AST-032,CSE-001,Database,Messaging,High,Monitored,CTRL-MON-01,High,DR,SOC,Active
CSE-001-AST-033,CSE-001,Endpoint,Public_Facing,Low,Monitored,CTRL-MON-01,Low,Corporate,IT_Operations,Active
CSE-001-AST-034,CSE-001,Endpoint,Business_App,Critical,Monitored,CTRL-DET-02,Critical,Development,Infrastructure,Active
CSE-001-AST-035,CSE-001,Industrial_System,Identity,Critical,Monitored,CTRL-ACC-04,Critical,Production,Network,Active
CSE-001-AST-036,CSE-001,Database,Public_Facing,Medium,Partially_Monitored,CTRL-MON-01,Medium,Production,IT_Operations,Active
CSE-001-AST-037,CSE-001,Database,Identity,Medium,Partially_Monitored,CTRL-VUL-05,Medium,DR,Network,Active
CSE-001-AST-038,CSE-001,Industrial_System,Identity,Low,Monitored,CTRL-VUL-05,Low,Development,IT_Operations,Active
CSE-001-AST-039,CSE-001,Database,Operations,Low,Monitored,CTRL-IR-03,Low,Development,Application,Active
CSE-001-AST-040,CSE-001,Cloud_Service,Public_Facing,Critical,Monitored,CTRL-MON-01,Critical,DR,SOC,Active
CSE-001-AST-041,CSE-001,Server,Messaging,Medium,Not_Monitored,CTRL-IR-03,Medium,Development,Infrastructure,Active
CSE-001-AST-042,CSE-001,Industrial_System,Identity,Low,Not_Monitored,CTRL-IR-03,Low,DR,Network,Active
CSE-001-AST-043,CSE-001,Cloud_Service,Messaging,Low,Monitored,CTRL-VUL-05,Low,DR,Infrastructure,Active
CSE-002-AST-001,CSE-002,Cloud_Service,Database,High,Not_Monitored,CTRL-IR-03,High,Development,SOC,Active
CSE-002-AST-002,CSE-002,Database,Operations,Low,Monitored,CTRL-VUL-05,Low,Production,IT_Operations,Active
CSE-002-AST-003,CSE-002,Application,Business_App,Medium,Monitored,CTRL-MON-01,Medium,DR,Infrastructure,Active
CSE-002-AST-004,CSE-002,Application,Industrial_Control,Low,Monitored,CTRL-MON-01,Low,DR,Infrastructure,Active
CSE-002-AST-005,CSE-002,Database,Identity,Medium,Not_Monitored,CTRL-ACC-04,Medium,Development,Application,Active
CSE-002-AST-006,CSE-002,Industrial_System,Industrial_Control,Low,Monitored,CTRL-VUL-05,Low,Production,Application,Active
CSE-002-AST-007,CSE-002,Network_Device,Identity,Low,Monitored,CTRL-VUL-05,Low,DR,Infrastructure,Active
CSE-002-AST-008,CSE-002,Cloud_Service,Core_Network,Medium,Monitored,CTRL-MON-01,Medium,DR,Application,Active
CSE-002-AST-009,CSE-002,Database,Business_App,Low,Monitored,CTRL-ACC-04,Low,Production,Infrastructure,Active
CSE-002-AST-010,CSE-002,Industrial_System,Identity,Medium,Monitored,CTRL-MON-01,Medium,Production,SOC,Active
CSE-002-AST-011,CSE-002,Database,Identity,Critical,Not_Monitored,CTRL-MON-01,Critical,Development,IT_Operations,Active
CSE-002-AST-012,CSE-002,Industrial_System,Industrial_Control,High,Monitored,CTRL-ACC-04,High,DR,Network,Active
CSE-002-AST-013,CSE-002,Database,Messaging,Low,Monitored,CTRL-VUL-05,Low,Corporate,Infrastructure,Active
CSE-002-AST-014,CSE-002,Application,Core_Network,Low,Monitored,CTRL-MON-01,Low,Development,Infrastructure,Active
CSE-002-AST-015,CSE-002,Application,Industrial_Control,High,Monitored,CTRL-VUL-05,High,DR,Network,Active
CSE-002-AST-016,CSE-002,Cloud_Service,Industrial_Control,Low,Monitored,CTRL-DET-02,Low,Corporate,Network,Active
CSE-002-AST-017,CSE-002,Application,Public_Facing,Medium,Monitored,CTRL-MON-01,Medium,Production,Infrastructure,Active
CSE-002-AST-018,CSE-002,Database,Identity,High,Monitored,CTRL-VUL-05,High,Production,SOC,Active
CSE-002-AST-019,CSE-002,Network_Device,Database,Medium,Monitored,CTRL-IR-03,Medium,DR,Network,Active
CSE-002-AST-020,CSE-002,Cloud_Service,Core_Network,Low,Monitored,CTRL-MON-01,Low,Corporate,Application,Active
CSE-002-AST-021,CSE-002,Database,Operations,Low,Partially_Monitored,CTRL-IR-03,Low,Corporate,IT_Operations,Active
CSE-002-AST-022,CSE-002,Industrial_System,Database,Medium,Not_Monitored,CTRL-DET-02,Medium,Corporate,Network,Active
CSE-002-AST-023,CSE-002,Server,Core_Network,Medium,Monitored,CTRL-IR-03,Medium,Production,Infrastructure,Active
CSE-002-AST-024,CSE-002,Industrial_System,Database,Medium,Monitored,CTRL-ACC-04,Medium,Corporate,Infrastructure,Active
CSE-002-AST-025,CSE-002,Industrial_System,Messaging,Medium,Monitored,CTRL-IR-03,Medium,DR,Application,Active
CSE-002-AST-026,CSE-002,Server,Database,Low,Monitored,CTRL-VUL-05,Low,Development,SOC,Active
CSE-002-AST-027,CSE-002,Network_Device,Business_App,Low,Monitored,CTRL-ACC-04,Low,DR,SOC,Active
CSE-002-AST-028,CSE-002,Application,Database,Medium,Monitored,CTRL-IR-03,Medium,DR,Infrastructure,Active
CSE-002-AST-029,CSE-002,Database,Identity,Critical,Monitored,CTRL-MON-01,Critical,Corporate,Infrastructure,Active
CSE-002-AST-030,CSE-002,Database,Public_Facing,Low,Monitored,CTRL-DET-02,Low,Corporate,Infrastructure,Active
CSE-002-AST-031,CSE-002,Industrial_System,Messaging,High,Monitored,CTRL-DET-02,High,DR,IT_Operations,Active
CSE-002-AST-032,CSE-002,Server,Database,Low,Not_Monitored,CTRL-VUL-05,Low,DR,Application,Active
CSE-002-AST-033,CSE-002,Application,Messaging,Medium,Monitored,CTRL-DET-02,Medium,Production,Infrastructure,Active
CSE-002-AST-034,CSE-002,Cloud_Service,Operations,High,Monitored,CTRL-DET-02,High,Development,Infrastructure,Active
CSE-002-AST-035,CSE-002,Network_Device,Messaging,Medium,Monitored,CTRL-VUL-05,Medium,Production,SOC,Active
CSE-002-AST-036,CSE-002,Network_Device,Identity,Low,Not_Monitored,CTRL-ACC-04,Low,Corporate,SOC,Active
CSE-002-AST-037,CSE-002,Industrial_System,Business_App,Medium,Not_Monitored,CTRL-IR-03,Medium,Development,Application,Active
CSE-002-AST-038,CSE-002,Industrial_System,Identity,Medium,Monitored,CTRL-DET-02,Medium,Development,IT_Operations,Active
CSE-002-AST-039,CSE-002,Cloud_Service,Industrial_Control,Low,Partially_Monitored,CTRL-VUL-05,Low,Corporate,Network,Active
CSE-002-AST-040,CSE-002,Server,Business_App,Medium,Monitored,CTRL-IR-03,Medium,Production,Network,Active
CSE-002-AST-041,CSE-002,Cloud_Service,Operations,Low,Not_Monitored,CTRL-MON-01,Low,DR,Infrastructure,Active
CSE-002-AST-042,CSE-002,Network_Device,Public_Facing,Low,Monitored,CTRL-ACC-04,Low,Corporate,SOC,Active
CSE-002-AST-043,CSE-002,Server,Operations,High,Monitored,CTRL-DET-02,High,Development,SOC,Retired
CSE-002-AST-044,CSE-002,Industrial_System,Identity,Critical,Not_Monitored,CTRL-VUL-05,Critical,Corporate,Network,Active
CSE-002-AST-045,CSE-002,Network_Device,Messaging,Medium,Monitored,CTRL-VUL-05,Medium,Corporate,Infrastructure,Active
CSE-002-AST-046,CSE-002,Industrial_System,Industrial_Control,High,Monitored,CTRL-VUL-05,High,Development,Network,Active
CSE-002-AST-047,CSE-002,Database,Industrial_Control,Low,Monitored,CTRL-VUL-05,Low,Development,Infrastructure,Active
CSE-002-AST-048,CSE-002,Server,Database,Low,Monitored,CTRL-ACC-04,Low,Production,Infrastructure,Active
CSE-002-AST-049,CSE-002,Endpoint,Operations,High,Monitored,CTRL-MON-01,High,Corporate,Application,Active
CSE-002-AST-050,CSE-002,Application,Database,High,Monitored,CTRL-ACC-04,High,Corporate,Infrastructure,Active
CSE-002-AST-051,CSE-002,Database,Core_Network,Medium,Partially_Monitored,CTRL-VUL-05,Medium,Corporate,Network,Active
CSE-002-AST-052,CSE-002,Industrial_System,Identity,Low,Monitored,CTRL-DET-02,Low,Production,SOC,Retired
CSE-002-AST-053,CSE-002,Cloud_Service,Operations,Medium,Monitored,CTRL-ACC-04,Medium,Development,IT_Operations,Active
CSE-002-AST-054,CSE-002,Industrial_System,Public_Facing,Medium,Not_Monitored,CTRL-MON-01,Medium,Development,IT_Operations,Active
CSE-002-AST-055,CSE-002,Application,Core_Network,Medium,Monitored,CTRL-VUL-05,Medium,Production,Application,Active
CSE-002-AST-056,CSE-002,Application,Identity,Medium,Monitored,CTRL-VUL-05,Medium,Corporate,Infrastructure,Active
CSE-002-AST-057,CSE-002,Network_Device,Database,High,Partially_Monitored,CTRL-ACC-04,High,Development,Infrastructure,Active
CSE-002-AST-058,CSE-002,Server,Core_Network,Critical,Monitored,CTRL-ACC-04,Critical,Production,Network,Active
CSE-002-AST-059,CSE-002,Database,Industrial_Control,Critical,Partially_Monitored,CTRL-MON-01,Critical,Corporate,IT_Operations,Active
CSE-002-AST-060,CSE-002,Database,Operations,High,Monitored,CTRL-DET-02,High,DR,Network,Active
CSE-002-AST-061,CSE-002,Application,Messaging,Low,Monitored,CTRL-DET-02,Low,Production,Application,Active
CSE-002-AST-062,CSE-002,Cloud_Service,Public_Facing,Medium,Monitored,CTRL-MON-01,Medium,Development,Infrastructure,Active
CSE-002-AST-063,CSE-002,Industrial_System,Messaging,Medium,Not_Monitored,CTRL-ACC-04,Medium,Development,Infrastructure,Active
CSE-002-AST-064,CSE-002,Industrial_System,Operations,Low,Monitored,CTRL-MON-01,Low,DR,Application,Active
CSE-002-AST-065,CSE-002,Server,Messaging,Medium,Monitored,CTRL-VUL-05,Medium,Development,Infrastructure,Active
CSE-002-AST-066,CSE-002,Server,Database,Critical,Monitored,CTRL-ACC-04,Critical,DR,Network,Active
CSE-002-AST-067,CSE-002,Database,Core_Network,Medium,Monitored,CTRL-ACC-04,Medium,Corporate,Network,Active
CSE-002-AST-068,CSE-002,Application,Public_Facing,Low,Monitored,CTRL-MON-01,Low,Production,SOC,Active
CSE-002-AST-069,CSE-002,Server,Identity,Medium,Monitored,CTRL-MON-01,Medium,Development,Infrastructure,Active
CSE-002-AST-070,CSE-002,Server,Industrial_Control,Low,Monitored,CTRL-ACC-04,Low,Production,Application,Active
CSE-002-AST-071,CSE-002,Application,Core_Network,High,Not_Monitored,CTRL-DET-02,High,Production,SOC,Active
CSE-002-AST-072,CSE-002,Server,Core_Network,High,Monitored,CTRL-MON-01,High,Production,Network,Retired
CSE-002-AST-073,CSE-002,Application,Operations,Low,Monitored,CTRL-ACC-04,Low,Development,Network,Active
CSE-002-AST-074,CSE-002,Network_Device,Operations,Medium,Monitored,CTRL-IR-03,Medium,Development,IT_Operations,Active
CSE-002-AST-075,CSE-002,Network_Device,Public_Facing,Medium,Monitored,CTRL-IR-03,Medium,DR,IT_Operations,Active
CSE-002-AST-076,CSE-002,Cloud_Service,Business_App,Low,Monitored,CTRL-VUL-05,Low,DR,IT_Operations,Active
CSE-002-AST-077,CSE-002,Application,Industrial_Control,Medium,Monitored,CTRL-IR-03,Medium,Development,IT_Operations,Active
CSE-002-AST-078,CSE-002,Server,Core_Network,Medium,Monitored,CTRL-MON-01,Medium,Production,SOC,Active
CSE-002-AST-079,CSE-002,Application,Public_Facing,Medium,Not_Monitored,CTRL-DET-02,Medium,DR,SOC,Active
CSE-002-AST-080,CSE-002,Industrial_System,Database,Low,Monitored,CTRL-VUL-05,Low,DR,Network,Active
CSE-002-AST-081,CSE-002,Endpoint,Core_Network,Low,Monitored,CTRL-VUL-05,Low,Corporate,Network,Active
CSE-002-AST-082,CSE-002,Server,Industrial_Control,Medium,Monitored,CTRL-MON-01,Medium,Corporate,Application,Active
CSE-002-AST-083,CSE-002,Endpoint,Messaging,Low,Monitored,CTRL-VUL-05,Low,Corporate,SOC,Active
CSE-002-AST-084,CSE-002,Industrial_System,Business_App,Medium,Monitored,CTRL-VUL-05,Medium,Development,SOC,Active
CSE-002-AST-085,CSE-002,Database,Core_Network,High,Monitored,CTRL-IR-03,High,Corporate,Network,Active
CSE-002-AST-086,CSE-002,Database,Industrial_Control,Medium,Monitored,CTRL-ACC-04,Medium,Development,IT_Operations,Active
CSE-002-AST-087,CSE-002,Cloud_Service,Core_Network,Critical,Monitored,CTRL-ACC-04,Critical,Production,Application,Active
CSE-002-AST-088,CSE-002,Cloud_Service,Operations,Low,Monitored,CTRL-ACC-04,Low,Production,Network,Active
CSE-002-AST-089,CSE-002,Network_Device,Public_Facing,Medium,Monitored,CTRL-DET-02,Medium,DR,Network,Active
CSE-002-AST-090,CSE-002,Endpoint,Identity,High,Monitored,CTRL-ACC-04,High,Corporate,Infrastructure,Active
CSE-002-AST-091,CSE-002,Endpoint,Database,Critical,Monitored,CTRL-VUL-05,Critical,Production,Application,Active
CSE-002-AST-092,CSE-002,Application,Messaging,Medium,Monitored,CTRL-MON-01,Medium,Production,Application,Active
CSE-002-AST-093,CSE-002,Network_Device,Industrial_Control,Low,Partially_Monitored,CTRL-ACC-04,Low,Development,Application,Active
CSE-002-AST-094,CSE-002,Industrial_System,Industrial_Control,Medium,Monitored,CTRL-VUL-05,Medium,Corporate,IT_Operations,Active
CSE-002-AST-095,CSE-002,Industrial_System,Messaging,Medium,Monitored,CTRL-DET-02,Medium,Production,Network,Active
CSE-002-AST-096,CSE-002,Application,Business_App,High,Monitored,CTRL-IR-03,High,Corporate,IT_Operations,Active
CSE-002-AST-097,CSE-002,Industrial_System,Identity,Medium,Monitored,CTRL-VUL-05,Medium,Production,SOC,Active
CSE-002-AST-098,CSE-002,Network_Device,Public_Facing,Low,Monitored,CTRL-VUL-05,Low,Production,Infrastructure,Active
CSE-002-AST-099,CSE-002,Network_Device,Database,Low,Partially_Monitored,CTRL-IR-03,Low,DR,Network,Active
CSE-002-AST-100,CSE-002,Endpoint,Public_Facing,Medium,Monitored,CTRL-IR-03,Medium,Development,Network,Active
CSE-002-AST-101,CSE-002,Industrial_System,Database,Medium,Monitored,CTRL-VUL-05,Medium,Corporate,Infrastructure,Active
CSE-002-AST-102,CSE-002,Cloud_Service,Business_App,Low,Partially_Monitored,CTRL-MON-01,Low,Corporate,Network,Active
CSE-002-AST-103,CSE-002,Industrial_System,Industrial_Control,High,Monitored,CTRL-ACC-04,High,DR,Network,Retired
CSE-002-AST-104,CSE-002,Application,Core_Network,Low,Partially_Monitored,CTRL-DET-02,Low,DR,SOC,Active
CSE-002-AST-105,CSE-002,Network_Device,Messaging,Medium,Not_Monitored,CTRL-VUL-05,Medium,DR,Application,Active
CSE-002-AST-106,CSE-002,Cloud_Service,Industrial_Control,Low,Monitored,CTRL-VUL-05,Low,Corporate,Application,Active
CSE-002-AST-107,CSE-002,Server,Operations,High,Partially_Monitored,CTRL-MON-01,High,Production,Network,Active
CSE-002-AST-108,CSE-002,Database,Database,High,Monitored,CTRL-IR-03,High,DR,Infrastructure,Active
CSE-002-AST-109,CSE-002,Database,Operations,Medium,Monitored,CTRL-VUL-05,Medium,Production,Application,Active
CSE-002-AST-110,CSE-002,Network_Device,Operations,Medium,Monitored,CTRL-MON-01,Medium,DR,SOC,Active
CSE-002-AST-111,CSE-002,Endpoint,Industrial_Control,Critical,Monitored,CTRL-MON-01,Critical,Production,Network,Active
CSE-002-AST-112,CSE-002,Database,Public_Facing,Low,Not_Monitored,CTRL-MON-01,Low,DR,Application,Active
CSE-002-AST-113,CSE-002,Cloud_Service,Core_Network,High,Monitored,CTRL-VUL-05,High,Production,SOC,Retired
CSE-002-AST-114,CSE-002,Database,Database,High,Monitored,CTRL-IR-03,High,Production,Infrastructure,Active
CSE-003-AST-001,CSE-003,Server,Messaging,Medium,Monitored,CTRL-ACC-04,Medium,Development,SOC,Active
CSE-003-AST-002,CSE-003,Database,Core_Network,Medium,Monitored,CTRL-IR-03,Medium,Production,IT_Operations,Active
CSE-003-AST-003,CSE-003,Database,Identity,Low,Monitored,CTRL-VUL-05,Low,DR,IT_Operations,Active
CSE-003-AST-004,CSE-003,Cloud_Service,Public_Facing,Medium,Monitored,CTRL-ACC-04,Medium,Development,SOC,Active
CSE-003-AST-005,CSE-003,Industrial_System,Public_Facing,Medium,Monitored,CTRL-MON-01,Medium,Corporate,IT_Operations,Active
CSE-003-AST-006,CSE-003,Server,Business_App,Medium,Monitored,CTRL-VUL-05,Medium,DR,Application,Active
CSE-003-AST-007,CSE-003,Cloud_Service,Operations,Low,Monitored,CTRL-IR-03,Low,Development,Application,Active
CSE-003-AST-008,CSE-003,Cloud_Service,Public_Facing,Low,Partially_Monitored,CTRL-DET-02,Low,Corporate,IT_Operations,Active
CSE-003-AST-009,CSE-003,Application,Operations,Medium,Monitored,CTRL-ACC-04,Medium,Production,Application,Active
CSE-003-AST-010,CSE-003,Server,Industrial_Control,Medium,Monitored,CTRL-ACC-04,Medium,Corporate,Application,Active
CSE-003-AST-011,CSE-003,Application,Industrial_Control,Medium,Monitored,CTRL-IR-03,Medium,Production,Infrastructure,Active
CSE-003-AST-012,CSE-003,Server,Database,Critical,Partially_Monitored,CTRL-MON-01,Critical,Development,SOC,Active
CSE-003-AST-013,CSE-003,Network_Device,Database,Low,Monitored,CTRL-DET-02,Low,Production,IT_Operations,Active
CSE-003-AST-014,CSE-003,Endpoint,Business_App,Medium,Partially_Monitored,CTRL-ACC-04,Medium,DR,SOC,Active
CSE-003-AST-015,CSE-003,Database,Database,Medium,Monitored,CTRL-VUL-05,Medium,Development,IT_Operations,Active
CSE-003-AST-016,CSE-003,Cloud_Service,Identity,Low,Monitored,CTRL-DET-02,Low,Development,Infrastructure,Active
CSE-003-AST-017,CSE-003,Application,Identity,Medium,Not_Monitored,CTRL-ACC-04,Medium,DR,Application,Active
CSE-003-AST-018,CSE-003,Industrial_System,Industrial_Control,Medium,Monitored,CTRL-IR-03,Medium,Production,SOC,Active
CSE-003-AST-019,CSE-003,Application,Core_Network,Low,Monitored,CTRL-ACC-04,Low,Production,SOC,Active
CSE-003-AST-020,CSE-003,Network_Device,Database,High,Monitored,CTRL-VUL-05,High,Production,SOC,Active
CSE-003-AST-021,CSE-003,Application,Database,Low,Monitored,CTRL-DET-02,Low,DR,SOC,Active
CSE-003-AST-022,CSE-003,Network_Device,Public_Facing,Medium,Monitored,CTRL-ACC-04,Medium,DR,SOC,Active
CSE-003-AST-023,CSE-003,Network_Device,Core_Network,Medium,Monitored,CTRL-ACC-04,Medium,Corporate,IT_Operations,Active
CSE-003-AST-024,CSE-003,Application,Business_App,Medium,Monitored,CTRL-MON-01,Medium,Corporate,SOC,Active
CSE-003-AST-025,CSE-003,Cloud_Service,Operations,Low,Monitored,CTRL-ACC-04,Low,Production,IT_Operations,Active
CSE-003-AST-026,CSE-003,Database,Core_Network,Medium,Monitored,CTRL-DET-02,Medium,DR,IT_Operations,Retired
CSE-003-AST-027,CSE-003,Application,Industrial_Control,Low,Monitored,CTRL-ACC-04,Low,Corporate,IT_Operations,Active
CSE-003-AST-028,CSE-003,Database,Operations,Critical,Monitored,CTRL-MON-01,Critical,DR,Infrastructure,Active
CSE-003-AST-029,CSE-003,Industrial_System,Operations,Low,Monitored,CTRL-IR-03,Low,Corporate,SOC,Active
CSE-003-AST-030,CSE-003,Application,Operations,Medium,Monitored,CTRL-MON-01,Medium,Production,Application,Active
CSE-003-AST-031,CSE-003,Industrial_System,Public_Facing,Low,Monitored,CTRL-MON-01,Low,Production,Network,Active
CSE-003-AST-032,CSE-003,Application,Database,Low,Partially_Monitored,CTRL-IR-03,Low,Production,Application,Active
CSE-003-AST-033,CSE-003,Database,Identity,Low,Monitored,CTRL-MON-01,Low,DR,SOC,Active
CSE-003-AST-034,CSE-003,Database,Operations,Medium,Monitored,CTRL-MON-01,Medium,Development,Application,Active
CSE-003-AST-035,CSE-003,Server,Database,High,Partially_Monitored,CTRL-MON-01,High,Development,IT_Operations,Active
CSE-003-AST-036,CSE-003,Endpoint,Identity,Medium,Monitored,CTRL-VUL-05,Medium,DR,Network,Active
CSE-003-AST-037,CSE-003,Application,Database,High,Partially_Monitored,CTRL-ACC-04,High,Production,Application,Retired
CSE-003-AST-038,CSE-003,Endpoint,Industrial_Control,Low,Monitored,CTRL-IR-03,Low,DR,Infrastructure,Active
CSE-003-AST-039,CSE-003,Cloud_Service,Operations,Low,Monitored,CTRL-ACC-04,Low,Corporate,IT_Operations,Active
CSE-003-AST-040,CSE-003,Industrial_System,Operations,High,Monitored,CTRL-MON-01,High,DR,SOC,Active
CSE-003-AST-041,CSE-003,Endpoint,Core_Network,Low,Monitored,CTRL-ACC-04,Low,Production,Application,Active
CSE-004-AST-001,CSE-004,Application,Identity,Medium,Monitored,CTRL-MON-01,Medium,Production,SOC,Active
CSE-004-AST-002,CSE-004,Application,Messaging,Medium,Monitored,CTRL-ACC-04,Medium,Development,Application,Active
CSE-004-AST-003,CSE-004,Industrial_System,Messaging,Low,Partially_Monitored,CTRL-ACC-04,Low,Production,Application,Active
CSE-004-AST-004,CSE-004,Application,Messaging,High,Monitored,CTRL-MON-01,High,DR,Application,Active
CSE-004-AST-005,CSE-004,Network_Device,Core_Network,High,Partially_Monitored,CTRL-MON-01,High,Corporate,Network,Active
CSE-004-AST-006,CSE-004,Server,Database,Low,Not_Monitored,CTRL-VUL-05,Low,Corporate,Infrastructure,Active
CSE-004-AST-007,CSE-004,Network_Device,Industrial_Control,Medium,Monitored,CTRL-IR-03,Medium,Corporate,Infrastructure,Active
CSE-004-AST-008,CSE-004,Endpoint,Operations,Medium,Partially_Monitored,CTRL-VUL-05,Medium,Development,Infrastructure,Active
CSE-004-AST-009,CSE-004,Cloud_Service,Public_Facing,Critical,Monitored,CTRL-IR-03,Critical,DR,Network,Active
CSE-004-AST-010,CSE-004,Database,Identity,Low,Not_Monitored,CTRL-DET-02,Low,Development,Infrastructure,Active
CSE-004-AST-011,CSE-004,Endpoint,Industrial_Control,Low,Monitored,CTRL-DET-02,Low,Production,Application,Retired
CSE-004-AST-012,CSE-004,Network_Device,Industrial_Control,Low,Partially_Monitored,CTRL-IR-03,Low,Development,SOC,Active
CSE-004-AST-013,CSE-004,Network_Device,Core_Network,Medium,Monitored,CTRL-IR-03,Medium,Corporate,IT_Operations,Active
CSE-004-AST-014,CSE-004,Cloud_Service,Business_App,Low,Monitored,CTRL-MON-01,Low,Corporate,Infrastructure,Active
CSE-004-AST-015,CSE-004,Network_Device,Operations,Medium,Monitored,CTRL-ACC-04,Medium,Production,Application,Active
CSE-004-AST-016,CSE-004,Server,Public_Facing,Low,Monitored,CTRL-VUL-05,Low,Development,IT_Operations,Active
CSE-004-AST-017,CSE-004,Network_Device,Database,High,Not_Monitored,CTRL-DET-02,High,Production,Infrastructure,Active
CSE-004-AST-018,CSE-004,Application,Business_App,Low,Monitored,CTRL-VUL-05,Low,DR,SOC,Active
CSE-004-AST-019,CSE-004,Industrial_System,Public_Facing,Medium,Not_Monitored,CTRL-ACC-04,Medium,Corporate,Infrastructure,Active
CSE-004-AST-020,CSE-004,Server,Public_Facing,Low,Monitored,CTRL-IR-03,Low,Production,Application,Active
CSE-004-AST-021,CSE-004,Server,Identity,High,Monitored,CTRL-ACC-04,High,Development,Network,Active
CSE-004-AST-022,CSE-004,Endpoint,Public_Facing,Medium,Monitored,CTRL-VUL-05,Medium,Production,Network,Active
CSE-004-AST-023,CSE-004,Network_Device,Public_Facing,Critical,Monitored,CTRL-IR-03,Critical,Production,Network,Retired
CSE-004-AST-024,CSE-004,Network_Device,Business_App,High,Monitored,CTRL-IR-03,High,DR,Infrastructure,Active
CSE-004-AST-025,CSE-004,Database,Industrial_Control,Low,Monitored,CTRL-ACC-04,Low,Development,Infrastructure,Active
CSE-004-AST-026,CSE-004,Database,Operations,High,Partially_Monitored,CTRL-IR-03,High,Production,SOC,Active
CSE-004-AST-027,CSE-004,Industrial_System,Business_App,Medium,Partially_Monitored,CTRL-ACC-04,Medium,Development,Network,Active
CSE-004-AST-028,CSE-004,Endpoint,Core_Network,High,Monitored,CTRL-MON-01,High,Corporate,IT_Operations,Active
CSE-004-AST-029,CSE-004,Database,Identity,Low,Not_Monitored,CTRL-DET-02,Low,Corporate,SOC,Active
CSE-004-AST-030,CSE-004,Database,Industrial_Control,Low,Monitored,CTRL-MON-01,Low,Production,Network,Active
CSE-004-AST-031,CSE-004,Network_Device,Core_Network,Low,Partially_Monitored,CTRL-DET-02,Low,DR,IT_Operations,Active
CSE-004-AST-032,CSE-004,Application,Core_Network,Medium,Not_Monitored,CTRL-MON-01,Medium,Corporate,SOC,Active
CSE-004-AST-033,CSE-004,Network_Device,Industrial_Control,Medium,Monitored,CTRL-DET-02,Medium,Production,SOC,Active
CSE-004-AST-034,CSE-004,Industrial_System,Messaging,Medium,Not_Monitored,CTRL-DET-02,Medium,Corporate,IT_Operations,Active
CSE-004-AST-035,CSE-004,Industrial_System,Identity,Low,Not_Monitored,CTRL-MON-01,Low,Development,IT_Operations,Retired
CSE-004-AST-036,CSE-004,Application,Industrial_Control,Medium,Monitored,CTRL-MON-01,Medium,Corporate,SOC,Active
CSE-004-AST-037,CSE-004,Network_Device,Public_Facing,Low,Monitored,CTRL-VUL-05,Low,Corporate,Application,Retired
CSE-004-AST-038,CSE-004,Database,Identity,Low,Monitored,CTRL-MON-01,Low,Development,Network,Active
CSE-004-AST-039,CSE-004,Application,Core_Network,Low,Monitored,CTRL-VUL-05,Low,Corporate,IT_Operations,Active
CSE-004-AST-040,CSE-004,Cloud_Service,Operations,Low,Not_Monitored,CTRL-ACC-04,Low,Corporate,Network,Active
CSE-004-AST-041,CSE-004,Cloud_Service,Database,Low,Monitored,CTRL-ACC-04,Low,DR,Infrastructure,Active
CSE-004-AST-042,CSE-004,Cloud_Service,Operations,Critical,Monitored,CTRL-ACC-04,Critical,Production,Infrastructure,Active
CSE-004-AST-043,CSE-004,Endpoint,Business_App,Medium,Monitored,CTRL-IR-03,Medium,Development,Infrastructure,Active
CSE-004-AST-044,CSE-004,Application,Industrial_Control,Medium,Monitored,CTRL-MON-01,Medium,Production,Network,Active
CSE-004-AST-045,CSE-004,Application,Business_App,Medium,Monitored,CTRL-MON-01,Medium,Development,Application,Active
CSE-004-AST-046,CSE-004,Application,Industrial_Control,Critical,Monitored,CTRL-MON-01,Critical,Development,Infrastructure,Active
CSE-004-AST-047,CSE-004,Cloud_Service,Core_Network,High,Monitored,CTRL-IR-03,High,Production,Application,Active
CSE-004-AST-048,CSE-004,Database,Messaging,Low,Partially_Monitored,CTRL-VUL-05,Low,DR,IT_Operations,Active
CSE-004-AST-049,CSE-004,Server,Public_Facing,Medium,Partially_Monitored,CTRL-ACC-04,Medium,Corporate,Network,Active
CSE-004-AST-050,CSE-004,Cloud_Service,Identity,Low,Monitored,CTRL-ACC-04,Low,DR,Application,Active
CSE-004-AST-051,CSE-004,Server,Messaging,Medium,Partially_Monitored,CTRL-ACC-04,Medium,Production,Application,Active
CSE-004-AST-052,CSE-004,Endpoint,Public_Facing,Medium,Monitored,CTRL-IR-03,Medium,Corporate,Application,Retired
CSE-004-AST-053,CSE-004,Endpoint,Database,Critical,Monitored,CTRL-DET-02,Critical,Development,Infrastructure,Active
CSE-005-AST-001,CSE-005,Endpoint,Business_App,Medium,Not_Monitored,CTRL-ACC-04,Medium,DR,IT_Operations,Active
CSE-005-AST-002,CSE-005,Endpoint,Public_Facing,Medium,Monitored,CTRL-ACC-04,Medium,Production,SOC,Active
CSE-005-AST-003,CSE-005,Server,Business_App,Medium,Partially_Monitored,CTRL-ACC-04,Medium,Production,SOC,Active
CSE-005-AST-004,CSE-005,Network_Device,Industrial_Control,Medium,Monitored,CTRL-IR-03,Medium,Corporate,Application,Active
CSE-005-AST-005,CSE-005,Industrial_System,Messaging,High,Monitored,CTRL-VUL-05,High,Development,Infrastructure,Active
CSE-005-AST-006,CSE-005,Application,Database,Critical,Monitored,CTRL-DET-02,Critical,Production,SOC,Active
CSE-005-AST-007,CSE-005,Network_Device,Business_App,Medium,Monitored,CTRL-IR-03,Medium,Corporate,SOC,Active
CSE-005-AST-008,CSE-005,Industrial_System,Identity,Medium,Monitored,CTRL-ACC-04,Medium,Corporate,Application,Active
CSE-005-AST-009,CSE-005,Network_Device,Industrial_Control,Low,Monitored,CTRL-VUL-05,Low,Development,Network,Active
CSE-005-AST-010,CSE-005,Application,Database,Low,Partially_Monitored,CTRL-MON-01,Low,DR,SOC,Active
CSE-005-AST-011,CSE-005,Network_Device,Business_App,Low,Monitored,CTRL-VUL-05,Low,Production,Application,Active
CSE-005-AST-012,CSE-005,Server,Public_Facing,Medium,Not_Monitored,CTRL-DET-02,Medium,Corporate,IT_Operations,Active
CSE-005-AST-013,CSE-005,Industrial_System,Operations,Low,Monitored,CTRL-IR-03,Low,DR,IT_Operations,Active
CSE-005-AST-014,CSE-005,Endpoint,Core_Network,Medium,Not_Monitored,CTRL-VUL-05,Medium,DR,SOC,Retired
CSE-005-AST-015,CSE-005,Cloud_Service,Business_App,Medium,Monitored,CTRL-IR-03,Medium,Corporate,Infrastructure,Active
CSE-005-AST-016,CSE-005,Industrial_System,Messaging,Low,Monitored,CTRL-VUL-05,Low,DR,Infrastructure,Active
CSE-005-AST-017,CSE-005,Database,Core_Network,Low,Partially_Monitored,CTRL-IR-03,Low,Production,Network,Active
CSE-005-AST-018,CSE-005,Industrial_System,Messaging,Low,Monitored,CTRL-IR-03,Low,Development,Application,Active
CSE-005-AST-019,CSE-005,Network_Device,Core_Network,Medium,Not_Monitored,CTRL-DET-02,Medium,Production,Application,Active
CSE-005-AST-020,CSE-005,Server,Identity,Medium,Monitored,CTRL-IR-03,Medium,Development,Network,Active
CSE-005-AST-021,CSE-005,Endpoint,Public_Facing,Medium,Partially_Monitored,CTRL-DET-02,Medium,Development,IT_Operations,Active
CSE-005-AST-022,CSE-005,Industrial_System,Messaging,High,Monitored,CTRL-VUL-05,High,DR,Application,Active
CSE-005-AST-023,CSE-005,Network_Device,Identity,High,Partially_Monitored,CTRL-DET-02,High,Production,SOC,Active
CSE-005-AST-024,CSE-005,Endpoint,Database,Low,Not_Monitored,CTRL-VUL-05,Low,Development,SOC,Active
CSE-005-AST-025,CSE-005,Database,Messaging,Medium,Monitored,CTRL-VUL-05,Medium,Corporate,Network,Active
CSE-005-AST-026,CSE-005,Endpoint,Operations,Low,Monitored,CTRL-ACC-04,Low,Corporate,Infrastructure,Retired
CSE-005-AST-027,CSE-005,Endpoint,Public_Facing,High,Monitored,CTRL-VUL-05,High,Development,SOC,Active
CSE-005-AST-028,CSE-005,Industrial_System,Database,Low,Monitored,CTRL-DET-02,Low,Development,IT_Operations,Active
CSE-005-AST-029,CSE-005,Endpoint,Core_Network,Medium,Monitored,CTRL-DET-02,Medium,Development,Application,Active
CSE-005-AST-030,CSE-005,Database,Messaging,Medium,Monitored,CTRL-DET-02,Medium,Corporate,Application,Retired
CSE-005-AST-031,CSE-005,Server,Core_Network,Medium,Monitored,CTRL-ACC-04,Medium,DR,SOC,Active
CSE-005-AST-032,CSE-005,Cloud_Service,Operations,Medium,Monitored,CTRL-MON-01,Medium,DR,IT_Operations,Active
CSE-005-AST-033,CSE-005,Cloud_Service,Core_Network,Medium,Monitored,CTRL-DET-02,Medium,Production,Network,Active
CSE-005-AST-034,CSE-005,Database,Industrial_Control,Low,Monitored,CTRL-ACC-04,Low,Corporate,Application,Active
CSE-005-AST-035,CSE-005,Cloud_Service,Identity,Critical,Partially_Monitored,CTRL-IR-03,Critical,DR,Application,Active
CSE-005-AST-036,CSE-005,Server,Industrial_Control,High,Monitored,CTRL-VUL-05,High,DR,Application,Active
CSE-005-AST-037,CSE-005,Server,Industrial_Control,Medium,Partially_Monitored,CTRL-MON-01,Medium,Corporate,SOC,Retired
CSE-005-AST-038,CSE-005,Application,Messaging,Low,Monitored,CTRL-MON-01,Low,DR,Infrastructure,Active
CSE-005-AST-039,CSE-005,Cloud_Service,Core_Network,Medium,Monitored,CTRL-MON-01,Medium,Production,IT_Operations,Active
CSE-005-AST-040,CSE-005,Cloud_Service,Core_Network,Critical,Monitored,CTRL-DET-02,Critical,Development,Infrastructure,Active
CSE-005-AST-041,CSE-005,Industrial_System,Identity,Medium,Not_Monitored,CTRL-ACC-04,Medium,Development,Network,Active
CSE-005-AST-042,CSE-005,Industrial_System,Database,High,Partially_Monitored,CTRL-VUL-05,High,DR,Infrastructure,Active
CSE-005-AST-043,CSE-005,Cloud_Service,Identity,Medium,Monitored,CTRL-VUL-05,Medium,DR,IT_Operations,Active
CSE-005-AST-044,CSE-005,Cloud_Service,Core_Network,High,Monitored,CTRL-DET-02,High,Production,IT_Operations,Active
CSE-005-AST-045,CSE-005,Industrial_System,Identity,Medium,Monitored,CTRL-IR-03,Medium,DR,IT_Operations,Active
CSE-005-AST-046,CSE-005,Network_Device,Industrial_Control,Medium,Monitored,CTRL-IR-03,Medium,Production,Application,Active
CSE-005-AST-047,CSE-005,Server,Industrial_Control,High,Not_Monitored,CTRL-VUL-05,High,Development,SOC,Active
CSE-005-AST-048,CSE-005,Server,Industrial_Control,High,Monitored,CTRL-VUL-05,High,Development,Infrastructure,Active
CSE-005-AST-049,CSE-005,Database,Database,High,Monitored,CTRL-ACC-04,High,DR,Network,Active
CSE-005-AST-050,CSE-005,Endpoint,Database,Low,Partially_Monitored,CTRL-MON-01,Low,Corporate,Application,Active
CSE-005-AST-051,CSE-005,Network_Device,Messaging,Low,Monitored,CTRL-ACC-04,Low,Development,Infrastructure,Active
CSE-005-AST-052,CSE-005,Cloud_Service,Database,Low,Not_Monitored,CTRL-IR-03,Low,Corporate,IT_Operations,Retired
CSE-005-AST-053,CSE-005,Application,Industrial_Control,Low,Partially_Monitored,CTRL-VUL-05,Low,Corporate,SOC,Active
CSE-005-AST-054,CSE-005,Network_Device,Operations,Low,Partially_Monitored,CTRL-VUL-05,Low,Production,Infrastructure,Active
CSE-005-AST-055,CSE-005,Application,Public_Facing,Low,Monitored,CTRL-IR-03,Low,Development,SOC,Active
CSE-005-AST-056,CSE-005,Server,Identity,Medium,Monitored,CTRL-ACC-04,Medium,Corporate,Infrastructure,Active
CSE-005-AST-057,CSE-005,Endpoint,Messaging,Low,Not_Monitored,CTRL-ACC-04,Low,Production,Network,Active
CSE-005-AST-058,CSE-005,Network_Device,Business_App,Critical,Monitored,CTRL-MON-01,Critical,DR,Application,Active
CSE-005-AST-059,CSE-005,Endpoint,Business_App,Low,Monitored,CTRL-DET-02,Low,Development,Infrastructure,Active
CSE-005-AST-060,CSE-005,Application,Messaging,Low,Partially_Monitored,CTRL-DET-02,Low,Production,Network,Active
CSE-005-AST-061,CSE-005,Database,Core_Network,Critical,Monitored,CTRL-VUL-05,Critical,Development,IT_Operations,Active
CSE-005-AST-062,CSE-005,Cloud_Service,Messaging,Low,Partially_Monitored,CTRL-IR-03,Low,Development,Application,Active
CSE-005-AST-063,CSE-005,Endpoint,Industrial_Control,Medium,Partially_Monitored,CTRL-MON-01,Medium,Corporate,Application,Active
CSE-005-AST-064,CSE-005,Application,Public_Facing,Low,Partially_Monitored,CTRL-DET-02,Low,Production,Infrastructure,Active
CSE-005-AST-065,CSE-005,Endpoint,Business_App,Low,Monitored,CTRL-MON-01,Low,Production,Infrastructure,Active
CSE-005-AST-066,CSE-005,Application,Database,Low,Not_Monitored,CTRL-MON-01,Low,DR,IT_Operations,Active
CSE-005-AST-067,CSE-005,Cloud_Service,Public_Facing,Low,Monitored,CTRL-MON-01,Low,Corporate,Application,Active
CSE-005-AST-068,CSE-005,Industrial_System,Public_Facing,High,Monitored,CTRL-ACC-04,High,Development,Application,Active
CSE-005-AST-069,CSE-005,Industrial_System,Messaging,Low,Not_Monitored,CTRL-VUL-05,Low,Corporate,Application,Active
CSE-005-AST-070,CSE-005,Industrial_System,Core_Network,High,Monitored,CTRL-DET-02,High,Development,SOC,Active
CSE-005-AST-071,CSE-005,Application,Operations,Medium,Monitored,CTRL-DET-02,Medium,Production,Application,Active
CSE-005-AST-072,CSE-005,Database,Industrial_Control,Low,Partially_Monitored,CTRL-DET-02,Low,DR,Application,Active
CSE-005-AST-073,CSE-005,Endpoint,Business_App,Medium,Monitored,CTRL-ACC-04,Medium,Production,SOC,Active
CSE-005-AST-074,CSE-005,Database,Public_Facing,Medium,Monitored,CTRL-IR-03,Medium,Development,Network,Retired
CSE-005-AST-075,CSE-005,Application,Core_Network,Low,Monitored,CTRL-DET-02,Low,Development,Network,Active
CSE-005-AST-076,CSE-005,Application,Business_App,Medium,Partially_Monitored,CTRL-IR-03,Medium,Production,Network,Active
CSE-005-AST-077,CSE-005,Cloud_Service,Core_Network,Medium,Partially_Monitored,CTRL-DET-02,Medium,Production,IT_Operations,Active
CSE-005-AST-078,CSE-005,Database,Identity,High,Monitored,CTRL-VUL-05,High,Corporate,Network,Active
CSE-005-AST-079,CSE-005,Server,Industrial_Control,Critical,Monitored,CTRL-VUL-05,Critical,Development,Application,Active
CSE-005-AST-080,CSE-005,Network_Device,Identity,High,Monitored,CTRL-VUL-05,High,DR,IT_Operations,Active
CSE-005-AST-081,CSE-005,Database,Operations,High,Monitored,CTRL-IR-03,High,Development,Network,Active
CSE-005-AST-082,CSE-005,Database,Messaging,High,Partially_Monitored,CTRL-ACC-04,High,DR,IT_Operations,Retired
CSE-005-AST-083,CSE-005,Cloud_Service,Public_Facing,Medium,Not_Monitored,CTRL-ACC-04,Medium,Corporate,SOC,Active
CSE-005-AST-084,CSE-005,Application,Database,Medium,Partially_Monitored,CTRL-ACC-04,Medium,Corporate,Infrastructure,Active
CSE-005-AST-085,CSE-005,Server,Business_App,High,Not_Monitored,CTRL-VUL-05,High,Development,Application,Active
CSE-005-AST-086,CSE-005,Application,Business_App,Medium,Not_Monitored,CTRL-DET-02,Medium,Corporate,Infrastructure,Active
CSE-005-AST-087,CSE-005,Industrial_System,Public_Facing,Medium,Monitored,CTRL-ACC-04,Medium,Corporate,Network,Active
CSE-005-AST-088,CSE-005,Database,Messaging,Low,Not_Monitored,CTRL-VUL-05,Low,DR,IT_Operations,Active
CSE-005-AST-089,CSE-005,Cloud_Service,Business_App,Low,Monitored,CTRL-VUL-05,Low,Development,Network,Active
CSE-005-AST-090,CSE-005,Endpoint,Core_Network,High,Not_Monitored,CTRL-VUL-05,High,Development,Application,Active
CSE-005-AST-091,CSE-005,Endpoint,Messaging,Medium,Monitored,CTRL-DET-02,Medium,DR,SOC,Active
CSE-005-AST-092,CSE-005,Endpoint,Operations,Medium,Monitored,CTRL-VUL-05,Medium,Production,Network,Active
CSE-005-AST-093,CSE-005,Application,Identity,Medium,Monitored,CTRL-ACC-04,Medium,Corporate,SOC,Active
CSE-005-AST-094,CSE-005,Server,Messaging,High,Partially_Monitored,CTRL-ACC-04,High,Production,SOC,Active
CSE-005-AST-095,CSE-005,Server,Industrial_Control,Low,Monitored,CTRL-VUL-05,Low,Production,Application,Active
CSE-005-AST-096,CSE-005,Endpoint,Operations,Medium,Monitored,CTRL-VUL-05,Medium,Production,IT_Operations,Active
CSE-005-AST-097,CSE-005,Cloud_Service,Industrial_Control,Medium,Monitored,CTRL-IR-03,Medium,Development,Network,Active
CSE-005-AST-098,CSE-005,Endpoint,Business_App,Critical,Not_Monitored,CTRL-IR-03,Critical,DR,Application,Active
CSE-005-AST-099,CSE-005,Endpoint,Public_Facing,High,Monitored,CTRL-ACC-04,High,DR,Application,Active
CSE-005-AST-100,CSE-005,Server,Core_Network,Low,Monitored,CTRL-IR-03,Low,Corporate,SOC,Active
CSE-005-AST-101,CSE-005,Industrial_System,Public_Facing,Low,Monitored,CTRL-MON-01,Low,Production,Network,Active
CSE-005-AST-102,CSE-005,Application,Core_Network,Critical,Monitored,CTRL-MON-01,Critical,Development,Infrastructure,Active
CSE-006-AST-001,CSE-006,Application,Identity,Low,Partially_Monitored,CTRL-IR-03,Low,Development,Application,Active
CSE-006-AST-002,CSE-006,Application,Business_App,Medium,Monitored,CTRL-DET-02,Medium,DR,Network,Active
CSE-006-AST-003,CSE-006,Application,Identity,Low,Not_Monitored,CTRL-VUL-05,Low,Production,SOC,Active
CSE-006-AST-004,CSE-006,Server,Messaging,Medium,Monitored,CTRL-MON-01,Medium,Production,Application,Active
CSE-006-AST-005,CSE-006,Industrial_System,Database,High,Monitored,CTRL-ACC-04,High,Development,SOC,Active
CSE-006-AST-006,CSE-006,Server,Public_Facing,Medium,Not_Monitored,CTRL-ACC-04,Medium,DR,SOC,Active
CSE-006-AST-007,CSE-006,Endpoint,Business_App,Low,Not_Monitored,CTRL-ACC-04,Low,Production,SOC,Retired
CSE-006-AST-008,CSE-006,Endpoint,Database,Medium,Monitored,CTRL-DET-02,Medium,DR,Infrastructure,Active
CSE-006-AST-009,CSE-006,Cloud_Service,Core_Network,Medium,Monitored,CTRL-DET-02,Medium,Corporate,IT_Operations,Active
CSE-006-AST-010,CSE-006,Endpoint,Database,High,Monitored,CTRL-DET-02,High,DR,IT_Operations,Active
CSE-006-AST-011,CSE-006,Cloud_Service,Business_App,Medium,Not_Monitored,CTRL-VUL-05,Medium,Development,Network,Active
CSE-006-AST-012,CSE-006,Endpoint,Public_Facing,High,Monitored,CTRL-DET-02,High,Production,IT_Operations,Active
CSE-006-AST-013,CSE-006,Application,Industrial_Control,Low,Monitored,CTRL-IR-03,Low,Development,IT_Operations,Active
CSE-006-AST-014,CSE-006,Server,Database,Medium,Monitored,CTRL-DET-02,Medium,DR,IT_Operations,Active
CSE-006-AST-015,CSE-006,Server,Industrial_Control,Low,Monitored,CTRL-IR-03,Low,Development,Infrastructure,Active
CSE-006-AST-016,CSE-006,Cloud_Service,Public_Facing,High,Monitored,CTRL-DET-02,High,DR,IT_Operations,Active
CSE-006-AST-017,CSE-006,Cloud_Service,Messaging,Low,Partially_Monitored,CTRL-MON-01,Low,Production,Network,Active
CSE-006-AST-018,CSE-006,Cloud_Service,Identity,Low,Monitored,CTRL-VUL-05,Low,Development,Application,Retired
CSE-006-AST-019,CSE-006,Network_Device,Operations,Critical,Monitored,CTRL-VUL-05,Critical,Production,Infrastructure,Active
CSE-006-AST-020,CSE-006,Network_Device,Public_Facing,Medium,Not_Monitored,CTRL-DET-02,Medium,DR,IT_Operations,Retired
CSE-006-AST-021,CSE-006,Cloud_Service,Identity,Medium,Monitored,CTRL-MON-01,Medium,Development,Infrastructure,Retired
CSE-006-AST-022,CSE-006,Cloud_Service,Database,Medium,Partially_Monitored,CTRL-DET-02,Medium,DR,IT_Operations,Active
CSE-006-AST-023,CSE-006,Cloud_Service,Public_Facing,High,Monitored,CTRL-DET-02,High,Corporate,SOC,Active
CSE-006-AST-024,CSE-006,Endpoint,Core_Network,High,Partially_Monitored,CTRL-IR-03,High,Production,SOC,Active
CSE-006-AST-025,CSE-006,Application,Operations,High,Monitored,CTRL-ACC-04,High,Production,Network,Retired
CSE-006-AST-026,CSE-006,Endpoint,Core_Network,Low,Not_Monitored,CTRL-IR-03,Low,Development,Infrastructure,Active
CSE-006-AST-027,CSE-006,Cloud_Service,Industrial_Control,Low,Partially_Monitored,CTRL-DET-02,Low,Production,SOC,Active
CSE-006-AST-028,CSE-006,Endpoint,Core_Network,Medium,Not_Monitored,CTRL-DET-02,Medium,Production,Network,Active
CSE-006-AST-029,CSE-006,Server,Public_Facing,Medium,Monitored,CTRL-IR-03,Medium,Corporate,Network,Active
CSE-006-AST-030,CSE-006,Endpoint,Public_Facing,Low,Monitored,CTRL-MON-01,Low,Corporate,Infrastructure,Active
CSE-006-AST-031,CSE-006,Application,Industrial_Control,High,Monitored,CTRL-ACC-04,High,DR,IT_Operations,Active
CSE-006-AST-032,CSE-006,Database,Public_Facing,High,Monitored,CTRL-IR-03,High,Production,Application,Active
CSE-006-AST-033,CSE-006,Application,Business_App,Medium,Partially_Monitored,CTRL-MON-01,Medium,Production,SOC,Active
CSE-006-AST-034,CSE-006,Industrial_System,Business_App,Medium,Partially_Monitored,CTRL-VUL-05,Medium,Development,Network,Active
CSE-006-AST-035,CSE-006,Server,Core_Network,Critical,Monitored,CTRL-MON-01,Critical,DR,Application,Active
CSE-006-AST-036,CSE-006,Application,Core_Network,Medium,Monitored,CTRL-ACC-04,Medium,Corporate,IT_Operations,Active
CSE-006-AST-037,CSE-006,Endpoint,Identity,High,Not_Monitored,CTRL-ACC-04,High,Development,IT_Operations,Active
CSE-006-AST-038,CSE-006,Industrial_System,Public_Facing,Critical,Not_Monitored,CTRL-DET-02,Critical,DR,Network,Active
CSE-006-AST-039,CSE-006,Endpoint,Identity,High,Monitored,CTRL-VUL-05,High,Development,SOC,Active
CSE-006-AST-040,CSE-006,Industrial_System,Identity,High,Partially_Monitored,CTRL-VUL-05,High,Development,Application,Active
CSE-006-AST-041,CSE-006,Network_Device,Business_App,Low,Monitored,CTRL-IR-03,Low,Development,Network,Retired
CSE-006-AST-042,CSE-006,Server,Industrial_Control,Medium,Monitored,CTRL-IR-03,Medium,Production,Network,Active
CSE-006-AST-043,CSE-006,Endpoint,Identity,Medium,Monitored,CTRL-IR-03,Medium,DR,Network,Active
CSE-006-AST-044,CSE-006,Server,Identity,High,Monitored,CTRL-DET-02,High,Development,SOC,Active
CSE-006-AST-045,CSE-006,Cloud_Service,Business_App,Medium,Monitored,CTRL-MON-01,Medium,Corporate,Application,Active
CSE-006-AST-046,CSE-006,Network_Device,Core_Network,Low,Monitored,CTRL-ACC-04,Low,Production,Application,Active
CSE-006-AST-047,CSE-006,Industrial_System,Industrial_Control,Medium,Monitored,CTRL-IR-03,Medium,Production,Infrastructure,Active
CSE-006-AST-048,CSE-006,Application,Messaging,Low,Not_Monitored,CTRL-DET-02,Low,Production,Network,Active
CSE-006-AST-049,CSE-006,Application,Identity,Low,Monitored,CTRL-MON-01,Low,Production,Infrastructure,Active
CSE-006-AST-050,CSE-006,Cloud_Service,Database,Low,Monitored,CTRL-DET-02,Low,DR,IT_Operations,Active
CSE-006-AST-051,CSE-006,Application,Identity,High,Partially_Monitored,CTRL-VUL-05,High,Development,SOC,Active
CSE-006-AST-052,CSE-006,Network_Device,Business_App,Medium,Monitored,CTRL-IR-03,Medium,DR,SOC,Retired
CSE-006-AST-053,CSE-006,Industrial_System,Public_Facing,High,Monitored,CTRL-ACC-04,High,DR,Application,Active
CSE-006-AST-054,CSE-006,Endpoint,Messaging,Low,Monitored,CTRL-ACC-04,Low,Corporate,SOC,Active
CSE-006-AST-055,CSE-006,Cloud_Service,Public_Facing,Low,Monitored,CTRL-DET-02,Low,Production,Infrastructure,Active
CSE-006-AST-056,CSE-006,Database,Business_App,Low,Not_Monitored,CTRL-DET-02,Low,Development,Infrastructure,Active
CSE-006-AST-057,CSE-006,Database,Business_App,Low,Monitored,CTRL-ACC-04,Low,DR,IT_Operations,Active
CSE-006-AST-058,CSE-006,Database,Messaging,Low,Not_Monitored,CTRL-IR-03,Low,Production,Infrastructure,Active
CSE-006-AST-059,CSE-006,Industrial_System,Identity,Medium,Monitored,CTRL-DET-02,Medium,DR,SOC,Active
CSE-006-AST-060,CSE-006,Cloud_Service,Operations,Critical,Monitored,CTRL-MON-01,Critical,DR,Infrastructure,Active
CSE-006-AST-061,CSE-006,Endpoint,Database,Low,Monitored,CTRL-MON-01,Low,Development,IT_Operations,Active
CSE-007-AST-001,CSE-007,Endpoint,Identity,Medium,Monitored,CTRL-VUL-05,Medium,Production,IT_Operations,Active
CSE-007-AST-002,CSE-007,Server,Business_App,Critical,Monitored,CTRL-IR-03,Critical,DR,Infrastructure,Active
CSE-007-AST-003,CSE-007,Database,Business_App,Low,Monitored,CTRL-ACC-04,Low,DR,Network,Active
CSE-007-AST-004,CSE-007,Application,Public_Facing,High,Not_Monitored,CTRL-VUL-05,High,Development,Application,Active
CSE-007-AST-005,CSE-007,Application,Operations,Low,Monitored,CTRL-MON-01,Low,Production,Application,Retired
CSE-007-AST-006,CSE-007,Network_Device,Database,Low,Monitored,CTRL-ACC-04,Low,Production,IT_Operations,Active
CSE-007-AST-007,CSE-007,Cloud_Service,Industrial_Control,Medium,Monitored,CTRL-DET-02,Medium,Corporate,Network,Active
CSE-007-AST-008,CSE-007,Network_Device,Public_Facing,Medium,Monitored,CTRL-MON-01,Medium,Corporate,SOC,Active
CSE-007-AST-009,CSE-007,Industrial_System,Core_Network,Low,Monitored,CTRL-MON-01,Low,Corporate,Application,Active
CSE-007-AST-010,CSE-007,Industrial_System,Public_Facing,Low,Not_Monitored,CTRL-MON-01,Low,Development,Application,Active
CSE-007-AST-011,CSE-007,Database,Industrial_Control,High,Monitored,CTRL-IR-03,High,Development,SOC,Active
CSE-007-AST-012,CSE-007,Endpoint,Core_Network,Critical,Monitored,CTRL-ACC-04,Critical,Production,Infrastructure,Active
CSE-007-AST-013,CSE-007,Network_Device,Core_Network,Medium,Partially_Monitored,CTRL-VUL-05,Medium,Corporate,Application,Active
CSE-007-AST-014,CSE-007,Network_Device,Business_App,High,Monitored,CTRL-ACC-04,High,Production,Infrastructure,Retired
CSE-007-AST-015,CSE-007,Server,Industrial_Control,Low,Partially_Monitored,CTRL-VUL-05,Low,Production,IT_Operations,Active
CSE-007-AST-016,CSE-007,Industrial_System,Business_App,Low,Monitored,CTRL-IR-03,Low,DR,IT_Operations,Active
CSE-007-AST-017,CSE-007,Database,Core_Network,Low,Monitored,CTRL-ACC-04,Low,Corporate,IT_Operations,Active
CSE-007-AST-018,CSE-007,Server,Core_Network,Low,Monitored,CTRL-VUL-05,Low,DR,Infrastructure,Active
CSE-007-AST-019,CSE-007,Server,Business_App,Medium,Not_Monitored,CTRL-DET-02,Medium,Production,Network,Active
CSE-007-AST-020,CSE-007,Network_Device,Database,Medium,Monitored,CTRL-ACC-04,Medium,Production,SOC,Active
CSE-007-AST-021,CSE-007,Industrial_System,Identity,Low,Monitored,CTRL-ACC-04,Low,Corporate,Infrastructure,Active
CSE-007-AST-022,CSE-007,Database,Industrial_Control,Low,Monitored,CTRL-MON-01,Low,Corporate,Infrastructure,Active
CSE-007-AST-023,CSE-007,Application,Identity,Medium,Monitored,CTRL-IR-03,Medium,Production,IT_Operations,Active
CSE-007-AST-024,CSE-007,Database,Public_Facing,Low,Monitored,CTRL-IR-03,Low,Production,Application,Active
CSE-007-AST-025,CSE-007,Endpoint,Public_Facing,Medium,Partially_Monitored,CTRL-ACC-04,Medium,DR,Application,Active
CSE-007-AST-026,CSE-007,Industrial_System,Industrial_Control,Medium,Monitored,CTRL-MON-01,Medium,DR,IT_Operations,Active
CSE-007-AST-027,CSE-007,Cloud_Service,Identity,Medium,Monitored,CTRL-IR-03,Medium,Development,IT_Operations,Active
CSE-007-AST-028,CSE-007,Industrial_System,Operations,High,Monitored,CTRL-IR-03,High,Production,Application,Active
CSE-007-AST-029,CSE-007,Server,Industrial_Control,Medium,Monitored,CTRL-IR-03,Medium,Development,Infrastructure,Active
CSE-007-AST-030,CSE-007,Application,Operations,High,Monitored,CTRL-VUL-05,High,DR,SOC,Active
CSE-007-AST-031,CSE-007,Cloud_Service,Public_Facing,High,Not_Monitored,CTRL-IR-03,High,Development,IT_Operations,Active
CSE-007-AST-032,CSE-007,Database,Core_Network,Medium,Not_Monitored,CTRL-MON-01,Medium,Development,IT_Operations,Active
CSE-007-AST-033,CSE-007,Endpoint,Industrial_Control,Critical,Monitored,CTRL-IR-03,Critical,Development,Infrastructure,Active
CSE-007-AST-034,CSE-007,Endpoint,Messaging,Low,Monitored,CTRL-ACC-04,Low,DR,IT_Operations,Active
CSE-007-AST-035,CSE-007,Cloud_Service,Industrial_Control,Medium,Not_Monitored,CTRL-IR-03,Medium,DR,Infrastructure,Active
CSE-007-AST-036,CSE-007,Application,Database,Low,Partially_Monitored,CTRL-MON-01,Low,Production,Application,Active
CSE-007-AST-037,CSE-007,Database,Industrial_Control,Low,Monitored,CTRL-MON-01,Low,Corporate,Network,Active
CSE-007-AST-038,CSE-007,Endpoint,Public_Facing,Low,Not_Monitored,CTRL-IR-03,Low,Production,IT_Operations,Active
CSE-007-AST-039,CSE-007,Cloud_Service,Identity,Medium,Monitored,CTRL-VUL-05,Medium,Corporate,Application,Active
CSE-007-AST-040,CSE-007,Application,Business_App,Medium,Not_Monitored,CTRL-IR-03,Medium,DR,Network,Active
CSE-007-AST-041,CSE-007,Cloud_Service,Operations,Medium,Monitored,CTRL-VUL-05,Medium,Production,SOC,Active
CSE-007-AST-042,CSE-007,Industrial_System,Core_Network,Medium,Monitored,CTRL-VUL-05,Medium,Production,IT_Operations,Active
CSE-007-AST-043,CSE-007,Application,Industrial_Control,Low,Monitored,CTRL-DET-02,Low,Development,Application,Active
CSE-007-AST-044,CSE-007,Server,Messaging,High,Monitored,CTRL-MON-01,High,Development,IT_Operations,Active
CSE-007-AST-045,CSE-007,Application,Industrial_Control,High,Monitored,CTRL-IR-03,High,Production,Network,Active
CSE-007-AST-046,CSE-007,Endpoint,Business_App,High,Monitored,CTRL-IR-03,High,DR,Application,Active
CSE-007-AST-047,CSE-007,Database,Business_App,High,Not_Monitored,CTRL-IR-03,High,Production,Application,Active
CSE-007-AST-048,CSE-007,Cloud_Service,Public_Facing,Low,Monitored,CTRL-VUL-05,Low,DR,Application,Active
CSE-007-AST-049,CSE-007,Endpoint,Core_Network,Low,Monitored,CTRL-ACC-04,Low,Development,Network,Active
CSE-007-AST-050,CSE-007,Cloud_Service,Core_Network,Medium,Monitored,CTRL-MON-01,Medium,Development,Network,Active
CSE-007-AST-051,CSE-007,Network_Device,Database,Low,Partially_Monitored,CTRL-ACC-04,Low,Production,Network,Active
CSE-007-AST-052,CSE-007,Server,Identity,Medium,Partially_Monitored,CTRL-VUL-05,Medium,Development,SOC,Active
CSE-007-AST-053,CSE-007,Cloud_Service,Industrial_Control,Medium,Monitored,CTRL-IR-03,Medium,Development,IT_Operations,Active
CSE-007-AST-054,CSE-007,Industrial_System,Identity,Medium,Partially_Monitored,CTRL-VUL-05,Medium,DR,Application,Active
CSE-007-AST-055,CSE-007,Server,Identity,Low,Not_Monitored,CTRL-IR-03,Low,Corporate,Infrastructure,Active
CSE-007-AST-056,CSE-007,Endpoint,Industrial_Control,Low,Monitored,CTRL-ACC-04,Low,DR,Application,Active
CSE-007-AST-057,CSE-007,Application,Business_App,Low,Not_Monitored,CTRL-DET-02,Low,Corporate,Network,Active
CSE-007-AST-058,CSE-007,Application,Business_App,Low,Monitored,CTRL-DET-02,Low,Corporate,SOC,Retired
CSE-007-AST-059,CSE-007,Industrial_System,Database,Medium,Partially_Monitored,CTRL-DET-02,Medium,Corporate,SOC,Active
CSE-007-AST-060,CSE-007,Network_Device,Identity,High,Monitored,CTRL-DET-02,High,DR,SOC,Active
CSE-007-AST-061,CSE-007,Network_Device,Database,Medium,Monitored,CTRL-VUL-05,Medium,DR,SOC,Active
CSE-007-AST-062,CSE-007,Database,Messaging,Low,Monitored,CTRL-VUL-05,Low,Development,IT_Operations,Active
CSE-007-AST-063,CSE-007,Industrial_System,Public_Facing,Medium,Monitored,CTRL-ACC-04,Medium,Production,Infrastructure,Active
CSE-007-AST-064,CSE-007,Network_Device,Core_Network,Low,Monitored,CTRL-VUL-05,Low,Development,Application,Active
CSE-007-AST-065,CSE-007,Application,Database,Low,Partially_Monitored,CTRL-MON-01,Low,DR,IT_Operations,Active
CSE-007-AST-066,CSE-007,Database,Industrial_Control,Low,Monitored,CTRL-DET-02,Low,DR,Network,Active
CSE-007-AST-067,CSE-007,Network_Device,Core_Network,High,Monitored,CTRL-VUL-05,High,DR,IT_Operations,Active
CSE-007-AST-068,CSE-007,Network_Device,Industrial_Control,Critical,Monitored,CTRL-MON-01,Critical,Production,SOC,Active
CSE-007-AST-069,CSE-007,Server,Industrial_Control,Low,Monitored,CTRL-VUL-05,Low,DR,Application,Active
CSE-007-AST-070,CSE-007,Database,Industrial_Control,Medium,Monitored,CTRL-VUL-05,Medium,Corporate,Network,Active
CSE-007-AST-071,CSE-007,Application,Database,Low,Monitored,CTRL-ACC-04,Low,Corporate,Infrastructure,Active
CSE-007-AST-072,CSE-007,Application,Identity,Medium,Monitored,CTRL-MON-01,Medium,Corporate,Application,Active
CSE-007-AST-073,CSE-007,Cloud_Service,Identity,Medium,Monitored,CTRL-ACC-04,Medium,Corporate,Network,Retired
CSE-007-AST-074,CSE-007,Database,Operations,Medium,Monitored,CTRL-MON-01,Medium,Corporate,Network,Active
CSE-007-AST-075,CSE-007,Network_Device,Business_App,Low,Monitored,CTRL-IR-03,Low,Production,SOC,Active
CSE-007-AST-076,CSE-007,Server,Database,Low,Monitored,CTRL-IR-03,Low,Production,SOC,Active
CSE-007-AST-077,CSE-007,Endpoint,Identity,High,Monitored,CTRL-DET-02,High,Corporate,Application,Retired
CSE-007-AST-078,CSE-007,Server,Core_Network,Low,Monitored,CTRL-IR-03,Low,Production,Infrastructure,Retired
CSE-007-AST-079,CSE-007,Server,Messaging,Low,Not_Monitored,CTRL-MON-01,Low,Production,SOC,Active
CSE-007-AST-080,CSE-007,Server,Database,Critical,Partially_Monitored,CTRL-MON-01,Critical,Development,Infrastructure,Active
CSE-007-AST-081,CSE-007,Application,Database,Low,Monitored,CTRL-VUL-05,Low,Development,Network,Active
CSE-007-AST-082,CSE-007,Industrial_System,Business_App,Low,Partially_Monitored,CTRL-IR-03,Low,Production,Network,Retired
CSE-008-AST-001,CSE-008,Cloud_Service,Public_Facing,Low,Partially_Monitored,CTRL-VUL-05,Low,DR,Network,Retired
CSE-008-AST-002,CSE-008,Network_Device,Business_App,Medium,Monitored,CTRL-IR-03,Medium,DR,IT_Operations,Active
CSE-008-AST-003,CSE-008,Endpoint,Industrial_Control,Medium,Monitored,CTRL-DET-02,Medium,Corporate,Application,Active
CSE-008-AST-004,CSE-008,Application,Core_Network,High,Monitored,CTRL-VUL-05,High,Production,Infrastructure,Active
CSE-008-AST-005,CSE-008,Database,Public_Facing,High,Monitored,CTRL-DET-02,High,Development,IT_Operations,Active
CSE-008-AST-006,CSE-008,Database,Core_Network,High,Monitored,CTRL-DET-02,High,Development,Network,Active
CSE-008-AST-007,CSE-008,Industrial_System,Identity,Medium,Monitored,CTRL-MON-01,Medium,DR,Infrastructure,Active
CSE-008-AST-008,CSE-008,Server,Industrial_Control,Medium,Partially_Monitored,CTRL-MON-01,Medium,DR,Infrastructure,Active
CSE-008-AST-009,CSE-008,Database,Messaging,Medium,Monitored,CTRL-VUL-05,Medium,Production,Infrastructure,Active
CSE-008-AST-010,CSE-008,Application,Industrial_Control,Low,Monitored,CTRL-VUL-05,Low,Corporate,IT_Operations,Active
CSE-008-AST-011,CSE-008,Application,Identity,Medium,Partially_Monitored,CTRL-DET-02,Medium,DR,Infrastructure,Active
CSE-008-AST-012,CSE-008,Cloud_Service,Operations,Low,Not_Monitored,CTRL-DET-02,Low,Development,IT_Operations,Active
CSE-008-AST-013,CSE-008,Industrial_System,Business_App,High,Monitored,CTRL-DET-02,High,DR,IT_Operations,Active
CSE-008-AST-014,CSE-008,Application,Core_Network,Low,Monitored,CTRL-VUL-05,Low,Corporate,SOC,Active
CSE-008-AST-015,CSE-008,Server,Database,Low,Not_Monitored,CTRL-IR-03,Low,DR,SOC,Active
CSE-008-AST-016,CSE-008,Server,Public_Facing,Low,Monitored,CTRL-MON-01,Low,DR,Infrastructure,Active
CSE-008-AST-017,CSE-008,Cloud_Service,Database,Medium,Monitored,CTRL-VUL-05,Medium,Development,IT_Operations,Active
CSE-008-AST-018,CSE-008,Cloud_Service,Identity,Medium,Not_Monitored,CTRL-MON-01,Medium,Production,IT_Operations,Active
CSE-008-AST-019,CSE-008,Cloud_Service,Identity,Low,Monitored,CTRL-IR-03,Low,Development,SOC,Active
CSE-008-AST-020,CSE-008,Application,Identity,High,Not_Monitored,CTRL-ACC-04,High,DR,SOC,Active
CSE-008-AST-021,CSE-008,Server,Operations,Medium,Monitored,CTRL-IR-03,Medium,Development,IT_Operations,Active
CSE-008-AST-022,CSE-008,Application,Database,High,Monitored,CTRL-DET-02,High,Corporate,IT_Operations,Active
CSE-008-AST-023,CSE-008,Cloud_Service,Identity,High,Monitored,CTRL-ACC-04,High,DR,Infrastructure,Active
CSE-008-AST-024,CSE-008,Network_Device,Database,High,Monitored,CTRL-ACC-04,High,Development,SOC,Active
CSE-008-AST-025,CSE-008,Network_Device,Business_App,Critical,Monitored,CTRL-ACC-04,Critical,Corporate,Application,Retired
CSE-008-AST-026,CSE-008,Database,Public_Facing,Low,Monitored,CTRL-ACC-04,Low,Corporate,Infrastructure,Active
CSE-008-AST-027,CSE-008,Application,Database,Medium,Not_Monitored,CTRL-IR-03,Medium,Development,IT_Operations,Active
CSE-008-AST-028,CSE-008,Application,Industrial_Control,High,Monitored,CTRL-VUL-05,High,Corporate,Application,Active
CSE-008-AST-029,CSE-008,Network_Device,Identity,Low,Monitored,CTRL-IR-03,Low,DR,Infrastructure,Active
CSE-008-AST-030,CSE-008,Network_Device,Database,Low,Not_Monitored,CTRL-IR-03,Low,Development,Application,Retired
CSE-008-AST-031,CSE-008,Industrial_System,Database,High,Monitored,CTRL-VUL-05,High,Production,Application,Active
CSE-008-AST-032,CSE-008,Industrial_System,Core_Network,Medium,Monitored,CTRL-DET-02,Medium,Production,Application,Active
CSE-008-AST-033,CSE-008,Cloud_Service,Database,Low,Monitored,CTRL-DET-02,Low,Production,SOC,Active
CSE-008-AST-034,CSE-008,Network_Device,Database,High,Not_Monitored,CTRL-IR-03,High,Development,Application,Active
CSE-008-AST-035,CSE-008,Database,Core_Network,Medium,Not_Monitored,CTRL-DET-02,Medium,Production,Network,Active
CSE-008-AST-036,CSE-008,Application,Industrial_Control,Medium,Monitored,CTRL-IR-03,Medium,Development,SOC,Retired
CSE-008-AST-037,CSE-008,Endpoint,Operations,Medium,Monitored,CTRL-IR-03,Medium,Corporate,SOC,Retired
CSE-008-AST-038,CSE-008,Server,Core_Network,Medium,Not_Monitored,CTRL-DET-02,Medium,DR,Infrastructure,Active
CSE-008-AST-039,CSE-008,Database,Operations,Low,Not_Monitored,CTRL-DET-02,Low,DR,IT_Operations,Active
CSE-008-AST-040,CSE-008,Industrial_System,Core_Network,Low,Monitored,CTRL-VUL-05,Low,DR,Network,Active
CSE-008-AST-041,CSE-008,Server,Public_Facing,Medium,Monitored,CTRL-DET-02,Medium,Production,Infrastructure,Active
CSE-008-AST-042,CSE-008,Database,Industrial_Control,Medium,Partially_Monitored,CTRL-DET-02,Medium,Development,Infrastructure,Active
CSE-008-AST-043,CSE-008,Database,Identity,High,Monitored,CTRL-VUL-05,High,Corporate,Infrastructure,Active
CSE-008-AST-044,CSE-008,Industrial_System,Identity,Low,Monitored,CTRL-VUL-05,Low,DR,IT_Operations,Retired
CSE-008-AST-045,CSE-008,Endpoint,Business_App,High,Monitored,CTRL-DET-02,High,DR,SOC,Active
CSE-008-AST-046,CSE-008,Cloud_Service,Core_Network,Medium,Monitored,CTRL-MON-01,Medium,Corporate,Application,Active
CSE-008-AST-047,CSE-008,Database,Industrial_Control,Medium,Monitored,CTRL-IR-03,Medium,DR,IT_Operations,Active
CSE-008-AST-048,CSE-008,Database,Identity,Low,Not_Monitored,CTRL-IR-03,Low,DR,Application,Active
CSE-009-AST-001,CSE-009,Industrial_System,Industrial_Control,High,Partially_Monitored,CTRL-VUL-05,High,Development,Network,Active
CSE-009-AST-002,CSE-009,Application,Database,Medium,Monitored,CTRL-DET-02,Medium,Development,Network,Active
CSE-009-AST-003,CSE-009,Database,Core_Network,Medium,Monitored,CTRL-IR-03,Medium,Production,SOC,Active
CSE-009-AST-004,CSE-009,Network_Device,Operations,Low,Monitored,CTRL-IR-03,Low,Development,Infrastructure,Active
CSE-009-AST-005,CSE-009,Endpoint,Operations,Medium,Monitored,CTRL-ACC-04,Medium,Development,Network,Active
CSE-009-AST-006,CSE-009,Cloud_Service,Business_App,Medium,Monitored,CTRL-ACC-04,Medium,Corporate,Application,Active
CSE-009-AST-007,CSE-009,Cloud_Service,Core_Network,High,Partially_Monitored,CTRL-IR-03,High,Corporate,Infrastructure,Active
CSE-009-AST-008,CSE-009,Industrial_System,Messaging,Medium,Monitored,CTRL-IR-03,Medium,Corporate,Network,Active
CSE-009-AST-009,CSE-009,Server,Business_App,High,Monitored,CTRL-IR-03,High,Development,Network,Active
CSE-009-AST-010,CSE-009,Industrial_System,Database,Low,Not_Monitored,CTRL-MON-01,Low,Production,SOC,Active
CSE-009-AST-011,CSE-009,Industrial_System,Core_Network,Low,Not_Monitored,CTRL-VUL-05,Low,Corporate,Network,Retired
CSE-009-AST-012,CSE-009,Database,Business_App,High,Monitored,CTRL-MON-01,High,Development,Application,Active
CSE-009-AST-013,CSE-009,Industrial_System,Industrial_Control,High,Monitored,CTRL-MON-01,High,Corporate,Network,Active
CSE-009-AST-014,CSE-009,Network_Device,Industrial_Control,Medium,Monitored,CTRL-ACC-04,Medium,Corporate,Infrastructure,Active
CSE-009-AST-015,CSE-009,Server,Public_Facing,Low,Monitored,CTRL-IR-03,Low,Development,Network,Retired
CSE-009-AST-016,CSE-009,Database,Database,Low,Monitored,CTRL-IR-03,Low,Production,Infrastructure,Retired
CSE-009-AST-017,CSE-009,Database,Database,Critical,Monitored,CTRL-DET-02,Critical,Corporate,Infrastructure,Active
CSE-009-AST-018,CSE-009,Endpoint,Industrial_Control,Critical,Partially_Monitored,CTRL-MON-01,Critical,Development,Application,Active
CSE-009-AST-019,CSE-009,Industrial_System,Public_Facing,Medium,Partially_Monitored,CTRL-DET-02,Medium,Corporate,IT_Operations,Active
CSE-009-AST-020,CSE-009,Server,Messaging,Low,Monitored,CTRL-DET-02,Low,Development,IT_Operations,Active
CSE-009-AST-021,CSE-009,Application,Operations,Low,Monitored,CTRL-MON-01,Low,DR,Infrastructure,Active
CSE-009-AST-022,CSE-009,Database,Business_App,Critical,Monitored,CTRL-MON-01,Critical,Development,SOC,Active
CSE-009-AST-023,CSE-009,Server,Industrial_Control,Medium,Monitored,CTRL-MON-01,Medium,Production,Infrastructure,Active
CSE-009-AST-024,CSE-009,Endpoint,Industrial_Control,Medium,Monitored,CTRL-MON-01,Medium,Corporate,Infrastructure,Active
CSE-009-AST-025,CSE-009,Database,Public_Facing,Low,Monitored,CTRL-ACC-04,Low,Development,SOC,Retired
CSE-009-AST-026,CSE-009,Database,Identity,Medium,Monitored,CTRL-DET-02,Medium,DR,SOC,Retired
CSE-009-AST-027,CSE-009,Application,Industrial_Control,High,Monitored,CTRL-MON-01,High,Production,Network,Active
CSE-009-AST-028,CSE-009,Server,Operations,Critical,Monitored,CTRL-ACC-04,Critical,DR,Application,Active
CSE-009-AST-029,CSE-009,Network_Device,Database,High,Monitored,CTRL-ACC-04,High,DR,SOC,Active
CSE-009-AST-030,CSE-009,Database,Business_App,Low,Monitored,CTRL-VUL-05,Low,Corporate,Infrastructure,Active
CSE-009-AST-031,CSE-009,Network_Device,Database,Medium,Monitored,CTRL-DET-02,Medium,DR,Network,Active
CSE-009-AST-032,CSE-009,Database,Messaging,Medium,Monitored,CTRL-IR-03,Medium,DR,Application,Active
CSE-009-AST-033,CSE-009,Database,Public_Facing,Medium,Monitored,CTRL-VUL-05,Medium,Corporate,SOC,Retired
CSE-009-AST-034,CSE-009,Cloud_Service,Operations,Low,Monitored,CTRL-ACC-04,Low,Production,Network,Active
CSE-009-AST-035,CSE-009,Database,Identity,High,Monitored,CTRL-MON-01,High,DR,IT_Operations,Active
CSE-009-AST-036,CSE-009,Industrial_System,Operations,Low,Not_Monitored,CTRL-MON-01,Low,Corporate,SOC,Active
CSE-009-AST-037,CSE-009,Industrial_System,Operations,Low,Monitored,CTRL-VUL-05,Low,Corporate,SOC,Active
CSE-010-AST-001,CSE-010,Application,Messaging,Low,Not_Monitored,CTRL-ACC-04,Low,DR,IT_Operations,Active
CSE-010-AST-002,CSE-010,Server,Identity,Medium,Not_Monitored,CTRL-VUL-05,Medium,Corporate,IT_Operations,Active
CSE-010-AST-003,CSE-010,Network_Device,Operations,Medium,Monitored,CTRL-ACC-04,Medium,Development,Application,Active
CSE-010-AST-004,CSE-010,Endpoint,Database,Low,Monitored,CTRL-VUL-05,Low,Development,SOC,Active
CSE-010-AST-005,CSE-010,Industrial_System,Public_Facing,Medium,Monitored,CTRL-IR-03,Medium,DR,SOC,Active
CSE-010-AST-006,CSE-010,Industrial_System,Public_Facing,High,Monitored,CTRL-ACC-04,High,DR,Application,Active
CSE-010-AST-007,CSE-010,Application,Public_Facing,Medium,Monitored,CTRL-VUL-05,Medium,Corporate,IT_Operations,Active
CSE-010-AST-008,CSE-010,Industrial_System,Database,High,Not_Monitored,CTRL-MON-01,High,Corporate,Network,Active
CSE-010-AST-009,CSE-010,Server,Identity,Low,Monitored,CTRL-ACC-04,Low,Production,IT_Operations,Retired
CSE-010-AST-010,CSE-010,Server,Identity,Medium,Not_Monitored,CTRL-ACC-04,Medium,Development,IT_Operations,Active
CSE-010-AST-011,CSE-010,Industrial_System,Public_Facing,Low,Monitored,CTRL-IR-03,Low,DR,IT_Operations,Active
CSE-010-AST-012,CSE-010,Application,Operations,Medium,Monitored,CTRL-ACC-04,Medium,Corporate,SOC,Retired
CSE-010-AST-013,CSE-010,Database,Messaging,Medium,Monitored,CTRL-DET-02,Medium,DR,SOC,Active
CSE-010-AST-014,CSE-010,Server,Messaging,Low,Monitored,CTRL-ACC-04,Low,Production,SOC,Active
CSE-010-AST-015,CSE-010,Application,Identity,High,Partially_Monitored,CTRL-ACC-04,High,Development,Infrastructure,Active
CSE-010-AST-016,CSE-010,Cloud_Service,Operations,Low,Partially_Monitored,CTRL-VUL-05,Low,Production,Infrastructure,Active
CSE-010-AST-017,CSE-010,Database,Operations,High,Monitored,CTRL-VUL-05,High,Corporate,Application,Active
CSE-010-AST-018,CSE-010,Network_Device,Business_App,Medium,Monitored,CTRL-ACC-04,Medium,Corporate,Application,Active
CSE-010-AST-019,CSE-010,Network_Device,Identity,Low,Partially_Monitored,CTRL-IR-03,Low,DR,SOC,Active
CSE-010-AST-020,CSE-010,Database,Operations,Low,Not_Monitored,CTRL-VUL-05,Low,DR,Infrastructure,Active
CSE-010-AST-021,CSE-010,Network_Device,Industrial_Control,Low,Monitored,CTRL-IR-03,Low,Development,Infrastructure,Active
CSE-010-AST-022,CSE-010,Network_Device,Identity,Medium,Partially_Monitored,CTRL-IR-03,Medium,Production,IT_Operations,Active
CSE-010-AST-023,CSE-010,Network_Device,Database,Medium,Monitored,CTRL-MON-01,Medium,Corporate,Network,Active
CSE-010-AST-024,CSE-010,Network_Device,Messaging,High,Not_Monitored,CTRL-IR-03,High,Development,Infrastructure,Active
CSE-010-AST-025,CSE-010,Endpoint,Messaging,Medium,Monitored,CTRL-ACC-04,Medium,Production,Network,Active
CSE-010-AST-026,CSE-010,Network_Device,Industrial_Control,Low,Monitored,CTRL-DET-02,Low,Production,Network,Active
CSE-010-AST-027,CSE-010,Endpoint,Public_Facing,Medium,Monitored,CTRL-DET-02,Medium,DR,Infrastructure,Active
CSE-010-AST-028,CSE-010,Cloud_Service,Identity,High,Monitored,CTRL-MON-01,High,Production,Application,Active
CSE-010-AST-029,CSE-010,Database,Database,Medium,Monitored,CTRL-IR-03,Medium,Production,Infrastructure,Active
CSE-010-AST-030,CSE-010,Industrial_System,Core_Network,Medium,Monitored,CTRL-DET-02,Medium,Corporate,SOC,Active
CSE-010-AST-031,CSE-010,Industrial_System,Operations,High,Monitored,CTRL-DET-02,High,Development,SOC,Retired
CSE-010-AST-032,CSE-010,Server,Industrial_Control,Low,Monitored,CTRL-IR-03,Low,DR,SOC,Active
CSE-010-AST-033,CSE-010,Server,Identity,Medium,Partially_Monitored,CTRL-DET-02,Medium,DR,Network,Active
CSE-010-AST-034,CSE-010,Industrial_System,Public_Facing,Low,Not_Monitored,CTRL-DET-02,Low,DR,Network,Active
CSE-010-AST-035,CSE-010,Endpoint,Messaging,High,Monitored,CTRL-DET-02,High,Development,IT_Operations,Active
CSE-010-AST-036,CSE-010,Database,Industrial_Control,Medium,Not_Monitored,CTRL-VUL-05,Medium,Corporate,SOC,Active
CSE-010-AST-037,CSE-010,Server,Database,Low,Monitored,CTRL-DET-02,Low,Corporate,IT_Operations,Active
CSE-010-AST-038,CSE-010,Industrial_System,Core_Network,Medium,Not_Monitored,CTRL-IR-03,Medium,DR,Network,Active
CSE-010-AST-039,CSE-010,Industrial_System,Business_App,Low,Partially_Monitored,CTRL-IR-03,Low,Corporate,SOC,Active
CSE-010-AST-040,CSE-010,Cloud_Service,Database,Critical,Not_Monitored,CTRL-ACC-04,Critical,Production,Network,Active
CSE-010-AST-041,CSE-010,Endpoint,Public_Facing,Low,Monitored,CTRL-MON-01,Low,Corporate,Application,Active
CSE-010-AST-042,CSE-010,Cloud_Service,Identity,Medium,Monitored,CTRL-MON-01,Medium,Corporate,Application,Active
CSE-010-AST-043,CSE-010,Industrial_System,Messaging,Low,Monitored,CTRL-IR-03,Low,Corporate,Network,Active
CSE-010-AST-044,CSE-010,Application,Identity,Medium,Monitored,CTRL-VUL-05,Medium,Development,IT_Operations,Retired
CSE-010-AST-045,CSE-010,Application,Core_Network,Low,Monitored,CTRL-VUL-05,Low,Corporate,SOC,Active
CSE-010-AST-046,CSE-010,Industrial_System,Database,High,Monitored,CTRL-IR-03,High,Production,Application,Active
CSE-010-AST-047,CSE-010,Application,Identity,High,Partially_Monitored,CTRL-VUL-05,High,DR,IT_Operations,Active
CSE-010-AST-048,CSE-010,Database,Public_Facing,Critical,Monitored,CTRL-ACC-04,Critical,Corporate,SOC,Active
CSE-010-AST-049,CSE-010,Network_Device,Database,Medium,Monitored,CTRL-IR-03,Medium,Corporate,Network,Active
CSE-010-AST-050,CSE-010,Cloud_Service,Core_Network,High,Monitored,CTRL-MON-01,High,DR,Application,Active
CSE-010-AST-051,CSE-010,Server,Messaging,Medium,Partially_Monitored,CTRL-VUL-05,Medium,DR,Application,Active
CSE-010-AST-052,CSE-010,Industrial_System,Industrial_Control,Medium,Monitored,CTRL-DET-02,Medium,Production,SOC,Active
CSE-010-AST-053,CSE-010,Cloud_Service,Core_Network,Low,Monitored,CTRL-MON-01,Low,DR,Network,Active
CSE-010-AST-054,CSE-010,Server,Industrial_Control,Medium,Partially_Monitored,CTRL-VUL-05,Medium,Development,Network,Active
CSE-010-AST-055,CSE-010,Industrial_System,Identity,High,Monitored,CTRL-ACC-04,High,Development,SOC,Retired
CSE-010-AST-056,CSE-010,Industrial_System,Database,Medium,Monitored,CTRL-VUL-05,Medium,Development,Application,Active
CSE-010-AST-057,CSE-010,Network_Device,Industrial_Control,Low,Monitored,CTRL-ACC-04,Low,DR,SOC,Active
CSE-010-AST-058,CSE-010,Network_Device,Public_Facing,Medium,Monitored,CTRL-IR-03,Medium,Development,SOC,Active
CSE-010-AST-059,CSE-010,Industrial_System,Operations,Medium,Not_Monitored,CTRL-VUL-05,Medium,DR,Application,Active
CSE-010-AST-060,CSE-010,Cloud_Service,Messaging,Medium,Monitored,CTRL-DET-02,Medium,DR,Application,Active
CSE-010-AST-061,CSE-010,Endpoint,Database,High,Partially_Monitored,CTRL-ACC-04,High,Development,SOC,Active
CSE-010-AST-062,CSE-010,Network_Device,Industrial_Control,Low,Monitored,CTRL-VUL-05,Low,DR,Application,Active
CSE-010-AST-063,CSE-010,Server,Identity,Medium,Partially_Monitored,CTRL-ACC-04,Medium,Production,Network,Active
CSE-010-AST-064,CSE-010,Endpoint,Business_App,High,Monitored,CTRL-DET-02,High,Production,IT_Operations,Active
CSE-010-AST-065,CSE-010,Cloud_Service,Core_Network,High,Not_Monitored,CTRL-IR-03,High,Corporate,Application,Active
CSE-010-AST-066,CSE-010,Cloud_Service,Industrial_Control,Critical,Monitored,CTRL-DET-02,Critical,DR,Application,Active
CSE-010-AST-067,CSE-010,Application,Public_Facing,Medium,Not_Monitored,CTRL-MON-01,Medium,Production,Network,Active
CSE-010-AST-068,CSE-010,Server,Core_Network,Medium,Monitored,CTRL-ACC-04,Medium,Production,Infrastructure,Active
CSE-010-AST-069,CSE-010,Cloud_Service,Core_Network,Critical,Monitored,CTRL-DET-02,Critical,Development,SOC,Active
CSE-010-AST-070,CSE-010,Server,Identity,Medium,Partially_Monitored,CTRL-VUL-05,Medium,Corporate,IT_Operations,Active
CSE-010-AST-071,CSE-010,Endpoint,Industrial_Control,Low,Not_Monitored,CTRL-ACC-04,Low,Development,SOC,Active
CSE-010-AST-072,CSE-010,Server,Messaging,Critical,Not_Monitored,CTRL-IR-03,Critical,DR,Infrastructure,Active
CSE-010-AST-073,CSE-010,Server,Business_App,Low,Monitored,CTRL-VUL-05,Low,Corporate,Application,Retired
CSE-010-AST-074,CSE-010,Cloud_Service,Messaging,Medium,Monitored,CTRL-VUL-05,Medium,Corporate,Application,Active
CSE-010-AST-075,CSE-010,Database,Identity,High,Monitored,CTRL-ACC-04,High,Development,Application,Active
CSE-011-AST-001,CSE-011,Network_Device,Database,Medium,Monitored,CTRL-MON-01,Medium,Development,IT_Operations,Active
CSE-011-AST-002,CSE-011,Network_Device,Database,Medium,Monitored,CTRL-MON-01,Medium,Development,Infrastructure,Retired
CSE-011-AST-003,CSE-011,Application,Industrial_Control,Medium,Monitored,CTRL-MON-01,Medium,Development,Application,Active
CSE-011-AST-004,CSE-011,Network_Device,Business_App,Medium,Monitored,CTRL-IR-03,Medium,Corporate,IT_Operations,Active
CSE-011-AST-005,CSE-011,Network_Device,Operations,High,Monitored,CTRL-IR-03,High,Production,Infrastructure,Active
CSE-011-AST-006,CSE-011,Network_Device,Identity,Low,Monitored,CTRL-DET-02,Low,Corporate,Infrastructure,Active
CSE-011-AST-007,CSE-011,Cloud_Service,Core_Network,Medium,Monitored,CTRL-DET-02,Medium,Corporate,Network,Active
CSE-011-AST-008,CSE-011,Database,Public_Facing,Low,Not_Monitored,CTRL-IR-03,Low,DR,Network,Active
CSE-011-AST-009,CSE-011,Endpoint,Database,Low,Monitored,CTRL-VUL-05,Low,Production,SOC,Active
CSE-011-AST-010,CSE-011,Application,Database,High,Monitored,CTRL-VUL-05,High,Production,SOC,Active
CSE-011-AST-011,CSE-011,Database,Database,Medium,Monitored,CTRL-DET-02,Medium,Corporate,Application,Active
CSE-011-AST-012,CSE-011,Endpoint,Public_Facing,Medium,Monitored,CTRL-DET-02,Medium,Corporate,SOC,Active
CSE-011-AST-013,CSE-011,Endpoint,Database,Medium,Monitored,CTRL-DET-02,Medium,Development,Application,Active
CSE-011-AST-014,CSE-011,Cloud_Service,Identity,Medium,Partially_Monitored,CTRL-IR-03,Medium,Corporate,Application,Retired
CSE-011-AST-015,CSE-011,Database,Identity,Medium,Monitored,CTRL-ACC-04,Medium,DR,IT_Operations,Active
CSE-011-AST-016,CSE-011,Application,Core_Network,Low,Monitored,CTRL-VUL-05,Low,DR,Network,Active
CSE-011-AST-017,CSE-011,Database,Public_Facing,High,Monitored,CTRL-MON-01,High,Production,Network,Active
CSE-011-AST-018,CSE-011,Application,Database,Low,Not_Monitored,CTRL-ACC-04,Low,Production,SOC,Active
CSE-011-AST-019,CSE-011,Network_Device,Industrial_Control,High,Monitored,CTRL-ACC-04,High,Corporate,Application,Active
CSE-011-AST-020,CSE-011,Industrial_System,Identity,Low,Monitored,CTRL-IR-03,Low,Production,SOC,Active
CSE-011-AST-021,CSE-011,Application,Business_App,Low,Monitored,CTRL-VUL-05,Low,Corporate,SOC,Active
CSE-011-AST-022,CSE-011,Server,Industrial_Control,Low,Monitored,CTRL-MON-01,Low,Production,Network,Retired
CSE-011-AST-023,CSE-011,Industrial_System,Core_Network,Medium,Monitored,CTRL-IR-03,Medium,Production,Network,Active
CSE-011-AST-024,CSE-011,Endpoint,Industrial_Control,Medium,Monitored,CTRL-IR-03,Medium,Development,Network,Active
CSE-011-AST-025,CSE-011,Database,Business_App,Medium,Monitored,CTRL-MON-01,Medium,Corporate,Network,Active
CSE-011-AST-026,CSE-011,Industrial_System,Identity,Low,Not_Monitored,CTRL-ACC-04,Low,DR,IT_Operations,Active
CSE-011-AST-027,CSE-011,Database,Operations,Medium,Monitored,CTRL-MON-01,Medium,Corporate,SOC,Active
CSE-011-AST-028,CSE-011,Endpoint,Identity,Medium,Not_Monitored,CTRL-IR-03,Medium,Corporate,Infrastructure,Active
CSE-011-AST-029,CSE-011,Industrial_System,Public_Facing,Medium,Monitored,CTRL-IR-03,Medium,Production,Infrastructure,Active
CSE-011-AST-030,CSE-011,Endpoint,Messaging,Low,Monitored,CTRL-MON-01,Low,DR,IT_Operations,Active
CSE-011-AST-031,CSE-011,Cloud_Service,Industrial_Control,High,Monitored,CTRL-MON-01,High,Corporate,IT_Operations,Active
CSE-011-AST-032,CSE-011,Database,Operations,Low,Monitored,CTRL-VUL-05,Low,Corporate,Infrastructure,Active
CSE-011-AST-033,CSE-011,Cloud_Service,Identity,High,Monitored,CTRL-ACC-04,High,DR,Infrastructure,Active
CSE-011-AST-034,CSE-011,Database,Operations,Critical,Monitored,CTRL-ACC-04,Critical,Production,IT_Operations,Active
CSE-011-AST-035,CSE-011,Database,Identity,Low,Not_Monitored,CTRL-VUL-05,Low,DR,Application,Active
CSE-011-AST-036,CSE-011,Endpoint,Industrial_Control,Medium,Monitored,CTRL-DET-02,Medium,Production,Infrastructure,Active
CSE-011-AST-037,CSE-011,Cloud_Service,Business_App,Medium,Monitored,CTRL-DET-02,Medium,Development,Network,Active
CSE-011-AST-038,CSE-011,Application,Operations,High,Monitored,CTRL-IR-03,High,DR,Infrastructure,Active
CSE-011-AST-039,CSE-011,Network_Device,Business_App,Medium,Partially_Monitored,CTRL-ACC-04,Medium,DR,Network,Active
CSE-011-AST-040,CSE-011,Application,Core_Network,Medium,Not_Monitored,CTRL-VUL-05,Medium,DR,SOC,Active
CSE-011-AST-041,CSE-011,Cloud_Service,Core_Network,Medium,Monitored,CTRL-ACC-04,Medium,Corporate,Application,Active
CSE-011-AST-042,CSE-011,Application,Database,High,Monitored,CTRL-IR-03,High,Development,Application,Active
CSE-011-AST-043,CSE-011,Endpoint,Identity,High,Monitored,CTRL-ACC-04,High,Corporate,Network,Active
CSE-011-AST-044,CSE-011,Cloud_Service,Business_App,Low,Not_Monitored,CTRL-MON-01,Low,DR,Network,Retired
CSE-011-AST-045,CSE-011,Cloud_Service,Core_Network,Medium,Monitored,CTRL-DET-02,Medium,DR,IT_Operations,Active
CSE-011-AST-046,CSE-011,Network_Device,Operations,Low,Partially_Monitored,CTRL-DET-02,Low,Production,IT_Operations,Active
CSE-011-AST-047,CSE-011,Database,Database,Critical,Monitored,CTRL-VUL-05,Critical,Production,Application,Active
CSE-011-AST-048,CSE-011,Application,Identity,High,Not_Monitored,CTRL-ACC-04,High,DR,SOC,Retired
CSE-011-AST-049,CSE-011,Server,Public_Facing,Medium,Monitored,CTRL-IR-03,Medium,Development,IT_Operations,Active
CSE-011-AST-050,CSE-011,Industrial_System,Identity,Medium,Partially_Monitored,CTRL-MON-01,Medium,Development,IT_Operations,Active
CSE-011-AST-051,CSE-011,Database,Operations,Critical,Monitored,CTRL-VUL-05,Critical,Corporate,SOC,Active
CSE-011-AST-052,CSE-011,Endpoint,Database,Low,Monitored,CTRL-DET-02,Low,Development,Infrastructure,Active
CSE-011-AST-053,CSE-011,Cloud_Service,Business_App,Medium,Monitored,CTRL-VUL-05,Medium,Corporate,SOC,Active
CSE-011-AST-054,CSE-011,Cloud_Service,Identity,Medium,Partially_Monitored,CTRL-IR-03,Medium,Corporate,IT_Operations,Active
CSE-011-AST-055,CSE-011,Application,Public_Facing,High,Monitored,CTRL-DET-02,High,DR,Network,Active
CSE-011-AST-056,CSE-011,Endpoint,Database,Medium,Monitored,CTRL-VUL-05,Medium,Development,Application,Active
CSE-011-AST-057,CSE-011,Application,Messaging,High,Monitored,CTRL-ACC-04,High,Development,SOC,Active
CSE-011-AST-058,CSE-011,Industrial_System,Industrial_Control,Low,Monitored,CTRL-MON-01,Low,Development,SOC,Active
CSE-011-AST-059,CSE-011,Cloud_Service,Public_Facing,High,Not_Monitored,CTRL-ACC-04,High,DR,SOC,Active
CSE-011-AST-060,CSE-011,Application,Business_App,Medium,Monitored,CTRL-VUL-05,Medium,DR,Infrastructure,Active
CSE-011-AST-061,CSE-011,Cloud_Service,Identity,Low,Partially_Monitored,CTRL-ACC-04,Low,DR,Application,Active
CSE-011-AST-062,CSE-011,Database,Messaging,Medium,Monitored,CTRL-MON-01,Medium,Production,Network,Active
CSE-011-AST-063,CSE-011,Cloud_Service,Operations,Medium,Monitored,CTRL-IR-03,Medium,DR,Infrastructure,Active
CSE-011-AST-064,CSE-011,Network_Device,Database,Medium,Not_Monitored,CTRL-IR-03,Medium,DR,IT_Operations,Active
CSE-011-AST-065,CSE-011,Server,Core_Network,Critical,Partially_Monitored,CTRL-VUL-05,Critical,DR,Infrastructure,Active
CSE-011-AST-066,CSE-011,Endpoint,Business_App,Low,Monitored,CTRL-MON-01,Low,Development,IT_Operations,Active
CSE-011-AST-067,CSE-011,Server,Business_App,Medium,Not_Monitored,CTRL-MON-01,Medium,Development,SOC,Active
CSE-011-AST-068,CSE-011,Endpoint,Operations,High,Monitored,CTRL-VUL-05,High,Development,Network,Active
CSE-011-AST-069,CSE-011,Cloud_Service,Business_App,Low,Monitored,CTRL-MON-01,Low,Production,Infrastructure,Active
CSE-011-AST-070,CSE-011,Server,Industrial_Control,Medium,Not_Monitored,CTRL-DET-02,Medium,Production,Network,Retired
CSE-011-AST-071,CSE-011,Application,Business_App,Medium,Monitored,CTRL-MON-01,Medium,Corporate,IT_Operations,Active
CSE-011-AST-072,CSE-011,Endpoint,Identity,Medium,Monitored,CTRL-ACC-04,Medium,DR,Network,Active
CSE-011-AST-073,CSE-011,Industrial_System,Public_Facing,Low,Monitored,CTRL-VUL-05,Low,Production,Network,Active
CSE-011-AST-074,CSE-011,Network_Device,Business_App,Low,Not_Monitored,CTRL-MON-01,Low,Production,IT_Operations,Active
CSE-011-AST-075,CSE-011,Industrial_System,Business_App,Low,Not_Monitored,CTRL-DET-02,Low,Production,Infrastructure,Active
CSE-011-AST-076,CSE-011,Industrial_System,Operations,High,Not_Monitored,CTRL-ACC-04,High,Corporate,Network,Active
CSE-011-AST-077,CSE-011,Industrial_System,Operations,High,Monitored,CTRL-MON-01,High,DR,Infrastructure,Active
CSE-011-AST-078,CSE-011,Industrial_System,Operations,High,Not_Monitored,CTRL-ACC-04,High,Corporate,IT_Operations,Active
CSE-011-AST-079,CSE-011,Application,Core_Network,Low,Monitored,CTRL-MON-01,Low,Corporate,Infrastructure,Active
CSE-011-AST-080,CSE-011,Database,Identity,High,Monitored,CTRL-IR-03,High,DR,IT_Operations,Active
CSE-011-AST-081,CSE-011,Application,Identity,High,Monitored,CTRL-ACC-04,High,Development,Application,Active
CSE-011-AST-082,CSE-011,Database,Operations,High,Monitored,CTRL-IR-03,High,Development,Application,Active
CSE-011-AST-083,CSE-011,Network_Device,Messaging,Medium,Monitored,CTRL-MON-01,Medium,DR,Infrastructure,Active
CSE-011-AST-084,CSE-011,Application,Business_App,Low,Monitored,CTRL-IR-03,Low,Production,Infrastructure,Active
CSE-011-AST-085,CSE-011,Cloud_Service,Industrial_Control,Low,Monitored,CTRL-MON-01,Low,Development,Application,Retired
CSE-011-AST-086,CSE-011,Server,Operations,Medium,Monitored,CTRL-VUL-05,Medium,DR,IT_Operations,Active
CSE-011-AST-087,CSE-011,Industrial_System,Industrial_Control,Medium,Monitored,CTRL-DET-02,Medium,DR,IT_Operations,Retired
CSE-011-AST-088,CSE-011,Endpoint,Public_Facing,Critical,Monitored,CTRL-MON-01,Critical,DR,Network,Active
CSE-011-AST-089,CSE-011,Endpoint,Identity,High,Partially_Monitored,CTRL-MON-01,High,Development,IT_Operations,Active
CSE-011-AST-090,CSE-011,Server,Identity,Medium,Monitored,CTRL-VUL-05,Medium,Development,IT_Operations,Active
CSE-011-AST-091,CSE-011,Database,Operations,Medium,Partially_Monitored,CTRL-IR-03,Medium,Corporate,Application,Active
CSE-011-AST-092,CSE-011,Application,Business_App,Medium,Monitored,CTRL-MON-01,Medium,DR,Network,Active
CSE-011-AST-093,CSE-011,Endpoint,Messaging,High,Monitored,CTRL-IR-03,High,Corporate,IT_Operations,Retired
CSE-011-AST-094,CSE-011,Cloud_Service,Core_Network,Low,Monitored,CTRL-VUL-05,Low,DR,Infrastructure,Active
CSE-011-AST-095,CSE-011,Application,Messaging,Medium,Partially_Monitored,CTRL-DET-02,Medium,DR,Infrastructure,Active
CSE-011-AST-096,CSE-011,Cloud_Service,Operations,Medium,Monitored,CTRL-IR-03,Medium,Corporate,Infrastructure,Active
CSE-011-AST-097,CSE-011,Industrial_System,Identity,High,Monitored,CTRL-IR-03,High,Development,SOC,Active
CSE-011-AST-098,CSE-011,Application,Identity,Low,Monitored,CTRL-DET-02,Low,Corporate,SOC,Active
CSE-011-AST-099,CSE-011,Network_Device,Industrial_Control,Medium,Monitored,CTRL-IR-03,Medium,Development,SOC,Active
CSE-011-AST-100,CSE-011,Network_Device,Database,Low,Not_Monitored,CTRL-MON-01,Low,Production,Infrastructure,Active
CSE-011-AST-101,CSE-011,Industrial_System,Business_App,Low,Not_Monitored,CTRL-ACC-04,Low,Development,Network,Active
CSE-011-AST-102,CSE-011,Database,Messaging,Medium,Monitored,CTRL-MON-01,Medium,Corporate,Network,Active
CSE-011-AST-103,CSE-011,Server,Core_Network,Medium,Partially_Monitored,CTRL-IR-03,Medium,Development,IT_Operations,Active
CSE-011-AST-104,CSE-011,Server,Public_Facing,High,Monitored,CTRL-ACC-04,High,DR,Application,Retired
CSE-011-AST-105,CSE-011,Cloud_Service,Industrial_Control,Medium,Monitored,CTRL-DET-02,Medium,Production,Network,Active
CSE-011-AST-106,CSE-011,Network_Device,Database,Medium,Monitored,CTRL-VUL-05,Medium,Production,Infrastructure,Active
CSE-011-AST-107,CSE-011,Application,Database,High,Not_Monitored,CTRL-VUL-05,High,DR,SOC,Retired
CSE-011-AST-108,CSE-011,Database,Database,High,Partially_Monitored,CTRL-IR-03,High,Development,Application,Active
CSE-012-AST-001,CSE-012,Database,Operations,Low,Monitored,CTRL-VUL-05,Low,DR,IT_Operations,Active
CSE-012-AST-002,CSE-012,Application,Operations,Low,Partially_Monitored,CTRL-MON-01,Low,Production,Infrastructure,Active
CSE-012-AST-003,CSE-012,Cloud_Service,Identity,Low,Monitored,CTRL-ACC-04,Low,Production,Application,Active
CSE-012-AST-004,CSE-012,Cloud_Service,Industrial_Control,High,Monitored,CTRL-IR-03,High,Corporate,SOC,Active
CSE-012-AST-005,CSE-012,Network_Device,Identity,High,Not_Monitored,CTRL-DET-02,High,DR,Infrastructure,Active
CSE-012-AST-006,CSE-012,Endpoint,Public_Facing,Medium,Monitored,CTRL-MON-01,Medium,Development,Application,Active
CSE-012-AST-007,CSE-012,Server,Messaging,Medium,Monitored,CTRL-MON-01,Medium,Corporate,IT_Operations,Active
CSE-012-AST-008,CSE-012,Cloud_Service,Industrial_Control,Medium,Monitored,CTRL-ACC-04,Medium,DR,IT_Operations,Active
CSE-012-AST-009,CSE-012,Endpoint,Public_Facing,Medium,Monitored,CTRL-ACC-04,Medium,DR,Infrastructure,Active
CSE-012-AST-010,CSE-012,Server,Core_Network,Medium,Monitored,CTRL-MON-01,Medium,Corporate,Infrastructure,Active
CSE-012-AST-011,CSE-012,Database,Operations,Low,Monitored,CTRL-IR-03,Low,DR,IT_Operations,Active
CSE-012-AST-012,CSE-012,Server,Messaging,Low,Not_Monitored,CTRL-VUL-05,Low,Corporate,SOC,Active
CSE-012-AST-013,CSE-012,Network_Device,Database,Low,Monitored,CTRL-IR-03,Low,DR,SOC,Retired
CSE-012-AST-014,CSE-012,Industrial_System,Business_App,Low,Monitored,CTRL-VUL-05,Low,Development,Network,Active
CSE-012-AST-015,CSE-012,Cloud_Service,Industrial_Control,Low,Monitored,CTRL-IR-03,Low,DR,Application,Active
CSE-012-AST-016,CSE-012,Application,Messaging,Low,Not_Monitored,CTRL-VUL-05,Low,Production,Infrastructure,Active
CSE-012-AST-017,CSE-012,Database,Messaging,Critical,Monitored,CTRL-ACC-04,Critical,Corporate,IT_Operations,Active
CSE-012-AST-018,CSE-012,Database,Messaging,Low,Monitored,CTRL-IR-03,Low,DR,SOC,Active
CSE-012-AST-019,CSE-012,Industrial_System,Database,Low,Monitored,CTRL-DET-02,Low,Production,Network,Active
CSE-012-AST-020,CSE-012,Application,Core_Network,Medium,Monitored,CTRL-MON-01,Medium,Corporate,IT_Operations,Active
CSE-012-AST-021,CSE-012,Server,Public_Facing,Medium,Monitored,CTRL-ACC-04,Medium,Production,Infrastructure,Active
CSE-012-AST-022,CSE-012,Endpoint,Industrial_Control,Low,Monitored,CTRL-MON-01,Low,DR,SOC,Active
CSE-012-AST-023,CSE-012,Endpoint,Industrial_Control,Low,Monitored,CTRL-IR-03,Low,Corporate,Application,Active
CSE-012-AST-024,CSE-012,Server,Messaging,Medium,Monitored,CTRL-MON-01,Medium,Production,Application,Active
CSE-012-AST-025,CSE-012,Database,Identity,Low,Monitored,CTRL-VUL-05,Low,Production,SOC,Active
CSE-012-AST-026,CSE-012,Database,Core_Network,High,Monitored,CTRL-VUL-05,High,DR,Network,Active
CSE-012-AST-027,CSE-012,Cloud_Service,Operations,Medium,Not_Monitored,CTRL-VUL-05,Medium,DR,Network,Active
CSE-012-AST-028,CSE-012,Server,Public_Facing,Low,Partially_Monitored,CTRL-ACC-04,Low,Development,Application,Active
CSE-012-AST-029,CSE-012,Database,Industrial_Control,Low,Monitored,CTRL-IR-03,Low,DR,IT_Operations,Active
CSE-012-AST-030,CSE-012,Cloud_Service,Messaging,Medium,Monitored,CTRL-MON-01,Medium,Corporate,IT_Operations,Active
CSE-012-AST-031,CSE-012,Application,Database,Low,Monitored,CTRL-ACC-04,Low,Corporate,IT_Operations,Active
CSE-012-AST-032,CSE-012,Application,Industrial_Control,Low,Monitored,CTRL-MON-01,Low,Production,SOC,Active
CSE-012-AST-033,CSE-012,Endpoint,Public_Facing,Low,Not_Monitored,CTRL-VUL-05,Low,Development,IT_Operations,Active
CSE-012-AST-034,CSE-012,Endpoint,Messaging,Medium,Monitored,CTRL-MON-01,Medium,DR,Network,Active
CSE-012-AST-035,CSE-012,Network_Device,Database,Low,Not_Monitored,CTRL-MON-01,Low,Corporate,Network,Active
CSE-012-AST-036,CSE-012,Industrial_System,Core_Network,Low,Monitored,CTRL-VUL-05,Low,Development,IT_Operations,Active
CSE-012-AST-037,CSE-012,Database,Public_Facing,Medium,Not_Monitored,CTRL-MON-01,Medium,DR,SOC,Retired
CSE-012-AST-038,CSE-012,Database,Messaging,Medium,Monitored,CTRL-ACC-04,Medium,Production,Infrastructure,Active
CSE-012-AST-039,CSE-012,Industrial_System,Database,Low,Not_Monitored,CTRL-VUL-05,Low,Development,Application,Retired
CSE-012-AST-040,CSE-012,Endpoint,Identity,Medium,Partially_Monitored,CTRL-ACC-04,Medium,Production,IT_Operations,Active
CSE-012-AST-041,CSE-012,Database,Operations,High,Not_Monitored,CTRL-MON-01,High,Corporate,SOC,Active
CSE-012-AST-042,CSE-012,Cloud_Service,Identity,Low,Not_Monitored,CTRL-DET-02,Low,Production,Network,Active
CSE-012-AST-043,CSE-012,Endpoint,Database,Low,Not_Monitored,CTRL-VUL-05,Low,Development,IT_Operations,Retired
CSE-012-AST-044,CSE-012,Database,Public_Facing,Medium,Monitored,CTRL-VUL-05,Medium,Production,IT_Operations,Active
CSE-012-AST-045,CSE-012,Cloud_Service,Database,Medium,Monitored,CTRL-ACC-04,Medium,DR,IT_Operations,Active
CSE-012-AST-046,CSE-012,Database,Database,Low,Monitored,CTRL-ACC-04,Low,DR,Infrastructure,Active
CSE-012-AST-047,CSE-012,Endpoint,Messaging,Medium,Not_Monitored,CTRL-DET-02,Medium,Development,Infrastructure,Active
CSE-012-AST-048,CSE-012,Cloud_Service,Database,Medium,Monitored,CTRL-ACC-04,Medium,Corporate,Network,Active
CSE-012-AST-049,CSE-012,Endpoint,Core_Network,Low,Monitored,CTRL-ACC-04,Low,Corporate,Infrastructure,Active
CSE-012-AST-050,CSE-012,Endpoint,Business_App,Low,Not_Monitored,CTRL-VUL-05,Low,DR,IT_Operations,Active
CSE-012-AST-051,CSE-012,Server,Messaging,High,Monitored,CTRL-ACC-04,High,DR,Infrastructure,Retired
CSE-012-AST-052,CSE-012,Endpoint,Core_Network,Low,Partially_Monitored,CTRL-ACC-04,Low,Corporate,Application,Active
CSE-012-AST-053,CSE-012,Network_Device,Messaging,Low,Not_Monitored,CTRL-ACC-04,Low,Production,Application,Active
CSE-012-AST-054,CSE-012,Application,Identity,Medium,Not_Monitored,CTRL-DET-02,Medium,Corporate,Infrastructure,Active
CSE-012-AST-055,CSE-012,Server,Operations,High,Monitored,CTRL-MON-01,High,Corporate,Network,Active
CSE-012-AST-056,CSE-012,Industrial_System,Messaging,Low,Monitored,CTRL-DET-02,Low,Development,Application,Active
CSE-012-AST-057,CSE-012,Application,Database,Medium,Monitored,CTRL-MON-01,Medium,Production,IT_Operations,Active
CSE-012-AST-058,CSE-012,Cloud_Service,Messaging,Medium,Partially_Monitored,CTRL-MON-01,Medium,Production,SOC,Active
CSE-012-AST-059,CSE-012,Endpoint,Public_Facing,High,Monitored,CTRL-ACC-04,High,Corporate,SOC,Active
CSE-012-AST-060,CSE-012,Cloud_Service,Business_App,Low,Monitored,CTRL-ACC-04,Low,Corporate,SOC,Active
CSE-012-AST-061,CSE-012,Endpoint,Public_Facing,Low,Partially_Monitored,CTRL-VUL-05,Low,DR,Application,Active
CSE-012-AST-062,CSE-012,Application,Business_App,Low,Partially_Monitored,CTRL-ACC-04,Low,Corporate,Infrastructure,Active
CSE-012-AST-063,CSE-012,Server,Core_Network,High,Monitored,CTRL-MON-01,High,Development,IT_Operations,Active
CSE-012-AST-064,CSE-012,Database,Public_Facing,High,Partially_Monitored,CTRL-ACC-04,High,DR,Network,Active
CSE-012-AST-065,CSE-012,Network_Device,Identity,Medium,Monitored,CTRL-DET-02,Medium,DR,IT_Operations,Active
CSE-012-AST-066,CSE-012,Server,Database,Low,Not_Monitored,CTRL-MON-01,Low,Production,IT_Operations,Active
CSE-012-AST-067,CSE-012,Cloud_Service,Industrial_Control,High,Partially_Monitored,CTRL-VUL-05,High,Development,Infrastructure,Active
CSE-012-AST-068,CSE-012,Database,Database,Critical,Monitored,CTRL-IR-03,Critical,Development,Application,Active
CSE-012-AST-069,CSE-012,Network_Device,Database,Critical,Monitored,CTRL-MON-01,Critical,Corporate,Infrastructure,Active
CSE-012-AST-070,CSE-012,Database,Core_Network,Low,Monitored,CTRL-VUL-05,Low,DR,SOC,Retired
CSE-013-AST-001,CSE-013,Network_Device,Database,High,Monitored,CTRL-MON-01,High,DR,Application,Active
CSE-013-AST-002,CSE-013,Industrial_System,Identity,Critical,Not_Monitored,CTRL-IR-03,Critical,Production,IT_Operations,Active
CSE-013-AST-003,CSE-013,Endpoint,Messaging,Low,Monitored,CTRL-IR-03,Low,Production,SOC,Active
CSE-013-AST-004,CSE-013,Network_Device,Core_Network,Low,Monitored,CTRL-MON-01,Low,Corporate,SOC,Active
CSE-013-AST-005,CSE-013,Network_Device,Messaging,Critical,Not_Monitored,CTRL-ACC-04,Critical,Corporate,IT_Operations,Active
CSE-013-AST-006,CSE-013,Application,Messaging,Low,Monitored,CTRL-DET-02,Low,Corporate,Network,Active
CSE-013-AST-007,CSE-013,Cloud_Service,Industrial_Control,Medium,Partially_Monitored,CTRL-MON-01,Medium,Development,Infrastructure,Active
CSE-013-AST-008,CSE-013,Network_Device,Identity,Low,Monitored,CTRL-VUL-05,Low,Production,SOC,Active
CSE-013-AST-009,CSE-013,Server,Business_App,High,Not_Monitored,CTRL-ACC-04,High,DR,Application,Active
CSE-013-AST-010,CSE-013,Endpoint,Industrial_Control,Medium,Monitored,CTRL-DET-02,Medium,Production,Infrastructure,Active
CSE-013-AST-011,CSE-013,Endpoint,Messaging,Medium,Not_Monitored,CTRL-VUL-05,Medium,DR,Application,Retired
CSE-013-AST-012,CSE-013,Server,Identity,Low,Partially_Monitored,CTRL-MON-01,Low,Development,Infrastructure,Active
CSE-013-AST-013,CSE-013,Network_Device,Core_Network,High,Monitored,CTRL-ACC-04,High,DR,Application,Active
CSE-013-AST-014,CSE-013,Application,Messaging,High,Monitored,CTRL-DET-02,High,Corporate,Infrastructure,Active
CSE-013-AST-015,CSE-013,Endpoint,Business_App,Low,Monitored,CTRL-VUL-05,Low,DR,SOC,Active
CSE-013-AST-016,CSE-013,Endpoint,Business_App,Medium,Monitored,CTRL-IR-03,Medium,Production,IT_Operations,Active
CSE-013-AST-017,CSE-013,Industrial_System,Database,Medium,Monitored,CTRL-ACC-04,Medium,Corporate,Application,Active
CSE-013-AST-018,CSE-013,Network_Device,Core_Network,Critical,Monitored,CTRL-MON-01,Critical,Corporate,Application,Active
CSE-013-AST-019,CSE-013,Database,Operations,Low,Monitored,CTRL-DET-02,Low,Development,IT_Operations,Active
CSE-013-AST-020,CSE-013,Industrial_System,Identity,Low,Monitored,CTRL-ACC-04,Low,Corporate,Application,Active
CSE-013-AST-021,CSE-013,Industrial_System,Database,Medium,Monitored,CTRL-ACC-04,Medium,Corporate,Network,Active
CSE-013-AST-022,CSE-013,Server,Identity,Critical,Monitored,CTRL-DET-02,Critical,DR,Infrastructure,Active
CSE-013-AST-023,CSE-013,Industrial_System,Core_Network,Medium,Monitored,CTRL-DET-02,Medium,Production,IT_Operations,Retired
CSE-013-AST-024,CSE-013,Database,Operations,Critical,Monitored,CTRL-VUL-05,Critical,Production,Infrastructure,Active
CSE-013-AST-025,CSE-013,Database,Identity,Low,Not_Monitored,CTRL-MON-01,Low,DR,IT_Operations,Active
CSE-013-AST-026,CSE-013,Database,Core_Network,Low,Monitored,CTRL-IR-03,Low,Development,Infrastructure,Active
CSE-013-AST-027,CSE-013,Endpoint,Messaging,Medium,Monitored,CTRL-IR-03,Medium,Corporate,Application,Active
CSE-013-AST-028,CSE-013,Industrial_System,Database,Medium,Partially_Monitored,CTRL-VUL-05,Medium,DR,Infrastructure,Active
CSE-013-AST-029,CSE-013,Network_Device,Public_Facing,Medium,Monitored,CTRL-IR-03,Medium,Development,IT_Operations,Active
CSE-013-AST-030,CSE-013,Database,Core_Network,Critical,Monitored,CTRL-VUL-05,Critical,DR,IT_Operations,Active
CSE-013-AST-031,CSE-013,Application,Messaging,High,Monitored,CTRL-IR-03,High,Development,SOC,Active
CSE-013-AST-032,CSE-013,Cloud_Service,Database,High,Not_Monitored,CTRL-DET-02,High,Production,SOC,Active
CSE-013-AST-033,CSE-013,Network_Device,Messaging,Low,Partially_Monitored,CTRL-DET-02,Low,Development,Network,Active
CSE-013-AST-034,CSE-013,Network_Device,Identity,Low,Monitored,CTRL-IR-03,Low,Production,Application,Active
CSE-013-AST-035,CSE-013,Database,Core_Network,Medium,Monitored,CTRL-IR-03,Medium,Development,IT_Operations,Active
CSE-013-AST-036,CSE-013,Industrial_System,Core_Network,Low,Partially_Monitored,CTRL-VUL-05,Low,Production,IT_Operations,Active
CSE-013-AST-037,CSE-013,Network_Device,Identity,Medium,Monitored,CTRL-DET-02,Medium,Development,IT_Operations,Active
CSE-013-AST-038,CSE-013,Network_Device,Industrial_Control,High,Monitored,CTRL-DET-02,High,Development,SOC,Active
CSE-013-AST-039,CSE-013,Database,Operations,Low,Monitored,CTRL-DET-02,Low,DR,Application,Retired
CSE-013-AST-040,CSE-013,Cloud_Service,Business_App,Medium,Monitored,CTRL-DET-02,Medium,Production,Network,Active
CSE-013-AST-041,CSE-013,Application,Business_App,High,Monitored,CTRL-VUL-05,High,DR,Network,Active
CSE-013-AST-042,CSE-013,Server,Database,Low,Monitored,CTRL-ACC-04,Low,Production,SOC,Active
CSE-013-AST-043,CSE-013,Server,Business_App,Low,Partially_Monitored,CTRL-IR-03,Low,Development,IT_Operations,Active
CSE-013-AST-044,CSE-013,Industrial_System,Messaging,Medium,Monitored,CTRL-MON-01,Medium,Production,IT_Operations,Active
CSE-013-AST-045,CSE-013,Endpoint,Business_App,Low,Monitored,CTRL-MON-01,Low,Production,Infrastructure,Active
CSE-013-AST-046,CSE-013,Industrial_System,Core_Network,Medium,Monitored,CTRL-ACC-04,Medium,Production,SOC,Active
CSE-013-AST-047,CSE-013,Endpoint,Database,Low,Not_Monitored,CTRL-ACC-04,Low,Corporate,Infrastructure,Active
CSE-013-AST-048,CSE-013,Cloud_Service,Identity,Low,Partially_Monitored,CTRL-IR-03,Low,DR,Infrastructure,Retired
CSE-013-AST-049,CSE-013,Database,Identity,Low,Monitored,CTRL-DET-02,Low,DR,Infrastructure,Active
CSE-013-AST-050,CSE-013,Endpoint,Operations,Medium,Monitored,CTRL-DET-02,Medium,Development,Infrastructure,Active
CSE-013-AST-051,CSE-013,Application,Business_App,High,Monitored,CTRL-DET-02,High,Development,IT_Operations,Active
CSE-013-AST-052,CSE-013,Application,Public_Facing,Low,Not_Monitored,CTRL-VUL-05,Low,Production,SOC,Active
CSE-013-AST-053,CSE-013,Cloud_Service,Industrial_Control,High,Monitored,CTRL-VUL-05,High,DR,IT_Operations,Active
CSE-013-AST-054,CSE-013,Cloud_Service,Business_App,High,Monitored,CTRL-ACC-04,High,Corporate,Network,Active
CSE-013-AST-055,CSE-013,Endpoint,Operations,Low,Monitored,CTRL-ACC-04,Low,Development,SOC,Active
CSE-013-AST-056,CSE-013,Industrial_System,Database,Medium,Monitored,CTRL-IR-03,Medium,DR,SOC,Active
CSE-013-AST-057,CSE-013,Server,Public_Facing,Medium,Monitored,CTRL-ACC-04,Medium,DR,SOC,Active
CSE-013-AST-058,CSE-013,Industrial_System,Core_Network,Medium,Partially_Monitored,CTRL-IR-03,Medium,DR,SOC,Active
CSE-013-AST-059,CSE-013,Industrial_System,Core_Network,Medium,Monitored,CTRL-ACC-04,Medium,DR,Application,Active
CSE-013-AST-060,CSE-013,Endpoint,Public_Facing,Low,Monitored,CTRL-DET-02,Low,DR,Application,Active
CSE-013-AST-061,CSE-013,Industrial_System,Industrial_Control,Medium,Not_Monitored,CTRL-ACC-04,Medium,Production,IT_Operations,Active
CSE-013-AST-062,CSE-013,Cloud_Service,Operations,Medium,Partially_Monitored,CTRL-IR-03,Medium,Production,Application,Active
CSE-013-AST-063,CSE-013,Industrial_System,Public_Facing,Medium,Monitored,CTRL-ACC-04,Medium,Production,IT_Operations,Active
CSE-013-AST-064,CSE-013,Endpoint,Identity,Low,Partially_Monitored,CTRL-VUL-05,Low,Corporate,SOC,Active
CSE-013-AST-065,CSE-013,Application,Core_Network,Critical,Partially_Monitored,CTRL-VUL-05,Critical,Production,Network,Active
CSE-013-AST-066,CSE-013,Application,Operations,Medium,Monitored,CTRL-IR-03,Medium,Development,IT_Operations,Active
CSE-013-AST-067,CSE-013,Industrial_System,Business_App,Low,Monitored,CTRL-MON-01,Low,Development,Network,Active
CSE-013-AST-068,CSE-013,Database,Database,Low,Monitored,CTRL-IR-03,Low,Corporate,IT_Operations,Active
CSE-013-AST-069,CSE-013,Database,Core_Network,Low,Monitored,CTRL-IR-03,Low,Development,IT_Operations,Active
CSE-013-AST-070,CSE-013,Cloud_Service,Database,Medium,Not_Monitored,CTRL-DET-02,Medium,Corporate,Application,Active
CSE-013-AST-071,CSE-013,Database,Identity,Critical,Monitored,CTRL-MON-01,Critical,Corporate,Infrastructure,Active
CSE-013-AST-072,CSE-013,Server,Business_App,Low,Monitored,CTRL-VUL-05,Low,Development,SOC,Active
CSE-013-AST-073,CSE-013,Server,Operations,Low,Monitored,CTRL-VUL-05,Low,Development,Network,Active
CSE-013-AST-074,CSE-013,Endpoint,Operations,Low,Monitored,CTRL-IR-03,Low,Corporate,IT_Operations,Active
CSE-013-AST-075,CSE-013,Application,Industrial_Control,Low,Monitored,CTRL-DET-02,Low,Development,Application,Active
CSE-013-AST-076,CSE-013,Database,Business_App,High,Not_Monitored,CTRL-IR-03,High,Corporate,Application,Active
CSE-013-AST-077,CSE-013,Industrial_System,Core_Network,Medium,Monitored,CTRL-MON-01,Medium,Production,Network,Active
CSE-013-AST-078,CSE-013,Application,Identity,Low,Monitored,CTRL-IR-03,Low,Corporate,Infrastructure,Active
CSE-013-AST-079,CSE-013,Application,Database,Low,Monitored,CTRL-VUL-05,Low,Corporate,Network,Active
CSE-013-AST-080,CSE-013,Cloud_Service,Core_Network,Low,Partially_Monitored,CTRL-ACC-04,Low,Corporate,IT_Operations,Active
CSE-013-AST-081,CSE-013,Server,Business_App,Medium,Not_Monitored,CTRL-ACC-04,Medium,DR,Infrastructure,Retired
CSE-013-AST-082,CSE-013,Database,Core_Network,Medium,Monitored,CTRL-MON-01,Medium,Development,IT_Operations,Active
CSE-013-AST-083,CSE-013,Industrial_System,Public_Facing,Low,Partially_Monitored,CTRL-ACC-04,Low,Development,Application,Active
CSE-013-AST-084,CSE-013,Server,Core_Network,Medium,Monitored,CTRL-MON-01,Medium,DR,SOC,Active
CSE-013-AST-085,CSE-013,Network_Device,Messaging,Low,Monitored,CTRL-ACC-04,Low,Corporate,Application,Active
CSE-013-AST-086,CSE-013,Application,Identity,Low,Monitored,CTRL-MON-01,Low,DR,SOC,Active
CSE-013-AST-087,CSE-013,Industrial_System,Messaging,Medium,Monitored,CTRL-ACC-04,Medium,Production,SOC,Active
CSE-013-AST-088,CSE-013,Endpoint,Operations,Medium,Monitored,CTRL-DET-02,Medium,Production,Infrastructure,Active
CSE-013-AST-089,CSE-013,Cloud_Service,Business_App,Medium,Monitored,CTRL-IR-03,Medium,DR,SOC,Active
CSE-013-AST-090,CSE-013,Cloud_Service,Operations,Medium,Not_Monitored,CTRL-VUL-05,Medium,Production,Infrastructure,Active
CSE-013-AST-091,CSE-013,Database,Database,Low,Partially_Monitored,CTRL-IR-03,Low,Development,Infrastructure,Active
CSE-013-AST-092,CSE-013,Server,Operations,Medium,Monitored,CTRL-MON-01,Medium,Corporate,Application,Active
CSE-013-AST-093,CSE-013,Database,Messaging,Low,Monitored,CTRL-ACC-04,Low,DR,SOC,Retired
CSE-013-AST-094,CSE-013,Endpoint,Database,Low,Monitored,CTRL-VUL-05,Low,Corporate,Application,Retired
CSE-013-AST-095,CSE-013,Cloud_Service,Core_Network,Medium,Monitored,CTRL-IR-03,Medium,Corporate,Application,Active
CSE-013-AST-096,CSE-013,Industrial_System,Core_Network,Low,Monitored,CTRL-MON-01,Low,Development,Infrastructure,Retired
CSE-013-AST-097,CSE-013,Database,Public_Facing,Medium,Not_Monitored,CTRL-IR-03,Medium,Production,Infrastructure,Active
CSE-013-AST-098,CSE-013,Database,Messaging,High,Partially_Monitored,CTRL-VUL-05,High,DR,Application,Active
CSE-013-AST-099,CSE-013,Network_Device,Identity,High,Not_Monitored,CTRL-ACC-04,High,Development,IT_Operations,Active
CSE-013-AST-100,CSE-013,Cloud_Service,Core_Network,Low,Partially_Monitored,CTRL-DET-02,Low,Corporate,Application,Retired
CSE-013-AST-101,CSE-013,Network_Device,Operations,Medium,Monitored,CTRL-VUL-05,Medium,Corporate,IT_Operations,Retired
CSE-013-AST-102,CSE-013,Database,Identity,Medium,Monitored,CTRL-DET-02,Medium,Development,Network,Retired
CSE-013-AST-103,CSE-013,Cloud_Service,Identity,Low,Partially_Monitored,CTRL-MON-01,Low,Corporate,SOC,Active
CSE-013-AST-104,CSE-013,Server,Industrial_Control,Low,Partially_Monitored,CTRL-ACC-04,Low,Corporate,SOC,Active
CSE-013-AST-105,CSE-013,Endpoint,Operations,High,Monitored,CTRL-ACC-04,High,DR,Infrastructure,Active
CSE-013-AST-106,CSE-013,Cloud_Service,Messaging,Medium,Monitored,CTRL-MON-01,Medium,DR,SOC,Active
CSE-013-AST-107,CSE-013,Endpoint,Industrial_Control,Low,Partially_Monitored,CTRL-MON-01,Low,Corporate,Application,Active
CSE-014-AST-001,CSE-014,Industrial_System,Database,High,Monitored,CTRL-VUL-05,High,Production,Network,Active
CSE-014-AST-002,CSE-014,Endpoint,Core_Network,Medium,Not_Monitored,CTRL-ACC-04,Medium,Production,SOC,Active
CSE-014-AST-003,CSE-014,Server,Messaging,Low,Partially_Monitored,CTRL-IR-03,Low,Development,SOC,Active
CSE-014-AST-004,CSE-014,Industrial_System,Identity,Low,Monitored,CTRL-IR-03,Low,DR,Network,Active
CSE-014-AST-005,CSE-014,Application,Core_Network,Medium,Monitored,CTRL-IR-03,Medium,Production,IT_Operations,Active
CSE-014-AST-006,CSE-014,Network_Device,Business_App,Medium,Not_Monitored,CTRL-MON-01,Medium,Development,Network,Active
CSE-014-AST-007,CSE-014,Industrial_System,Identity,Low,Monitored,CTRL-IR-03,Low,DR,SOC,Active
CSE-014-AST-008,CSE-014,Application,Operations,Medium,Not_Monitored,CTRL-ACC-04,Medium,Development,Infrastructure,Active
CSE-014-AST-009,CSE-014,Industrial_System,Messaging,High,Monitored,CTRL-DET-02,High,DR,SOC,Retired
CSE-014-AST-010,CSE-014,Application,Public_Facing,High,Monitored,CTRL-IR-03,High,Development,Application,Active
CSE-014-AST-011,CSE-014,Endpoint,Business_App,Critical,Monitored,CTRL-ACC-04,Critical,Development,SOC,Active
CSE-014-AST-012,CSE-014,Application,Messaging,Critical,Monitored,CTRL-DET-02,Critical,Production,IT_Operations,Active
CSE-014-AST-013,CSE-014,Database,Core_Network,High,Monitored,CTRL-IR-03,High,DR,Application,Active
CSE-014-AST-014,CSE-014,Endpoint,Business_App,Low,Monitored,CTRL-MON-01,Low,Production,IT_Operations,Active
CSE-014-AST-015,CSE-014,Industrial_System,Business_App,Low,Partially_Monitored,CTRL-IR-03,Low,Development,Application,Active
CSE-014-AST-016,CSE-014,Network_Device,Business_App,Low,Monitored,CTRL-MON-01,Low,Production,SOC,Active
CSE-014-AST-017,CSE-014,Industrial_System,Industrial_Control,Low,Monitored,CTRL-VUL-05,Low,Development,Infrastructure,Active
CSE-014-AST-018,CSE-014,Application,Public_Facing,Medium,Monitored,CTRL-VUL-05,Medium,Corporate,IT_Operations,Retired
CSE-014-AST-019,CSE-014,Industrial_System,Operations,Low,Monitored,CTRL-DET-02,Low,DR,Application,Active
CSE-014-AST-020,CSE-014,Server,Database,Low,Monitored,CTRL-ACC-04,Low,Development,Infrastructure,Retired
CSE-014-AST-021,CSE-014,Server,Public_Facing,Low,Monitored,CTRL-MON-01,Low,Production,SOC,Retired
CSE-014-AST-022,CSE-014,Network_Device,Identity,Medium,Not_Monitored,CTRL-VUL-05,Medium,DR,IT_Operations,Retired
CSE-014-AST-023,CSE-014,Cloud_Service,Messaging,Low,Partially_Monitored,CTRL-IR-03,Low,Development,Network,Active
CSE-014-AST-024,CSE-014,Server,Messaging,Medium,Partially_Monitored,CTRL-IR-03,Medium,Production,Infrastructure,Active
CSE-014-AST-025,CSE-014,Industrial_System,Public_Facing,Low,Monitored,CTRL-ACC-04,Low,Production,SOC,Active
CSE-014-AST-026,CSE-014,Endpoint,Public_Facing,Medium,Monitored,CTRL-IR-03,Medium,DR,Application,Active
CSE-014-AST-027,CSE-014,Network_Device,Identity,Low,Monitored,CTRL-IR-03,Low,Production,Infrastructure,Active
CSE-014-AST-028,CSE-014,Cloud_Service,Database,Low,Partially_Monitored,CTRL-MON-01,Low,Production,IT_Operations,Active
CSE-014-AST-029,CSE-014,Cloud_Service,Identity,Low,Not_Monitored,CTRL-DET-02,Low,Production,SOC,Active
CSE-014-AST-030,CSE-014,Industrial_System,Core_Network,Low,Partially_Monitored,CTRL-VUL-05,Low,DR,IT_Operations,Active
CSE-014-AST-031,CSE-014,Database,Messaging,Medium,Monitored,CTRL-VUL-05,Medium,Production,Network,Active
CSE-014-AST-032,CSE-014,Server,Industrial_Control,High,Monitored,CTRL-ACC-04,High,Production,SOC,Active
CSE-014-AST-033,CSE-014,Endpoint,Public_Facing,Low,Monitored,CTRL-ACC-04,Low,Production,SOC,Retired
CSE-014-AST-034,CSE-014,Network_Device,Messaging,High,Not_Monitored,CTRL-MON-01,High,DR,Infrastructure,Active
CSE-014-AST-035,CSE-014,Network_Device,Public_Facing,High,Monitored,CTRL-MON-01,High,Corporate,SOC,Active
CSE-014-AST-036,CSE-014,Database,Industrial_Control,High,Not_Monitored,CTRL-DET-02,High,Production,SOC,Active
CSE-014-AST-037,CSE-014,Endpoint,Core_Network,Low,Partially_Monitored,CTRL-ACC-04,Low,DR,Application,Active
CSE-014-AST-038,CSE-014,Server,Database,Low,Partially_Monitored,CTRL-ACC-04,Low,Production,SOC,Active
CSE-014-AST-039,CSE-014,Industrial_System,Industrial_Control,Low,Monitored,CTRL-VUL-05,Low,Corporate,Network,Active
CSE-014-AST-040,CSE-014,Cloud_Service,Messaging,Low,Monitored,CTRL-DET-02,Low,Corporate,IT_Operations,Active
CSE-014-AST-041,CSE-014,Industrial_System,Business_App,Medium,Monitored,CTRL-VUL-05,Medium,Development,IT_Operations,Active
CSE-014-AST-042,CSE-014,Endpoint,Database,Critical,Partially_Monitored,CTRL-ACC-04,Critical,Production,Application,Active
CSE-014-AST-043,CSE-014,Network_Device,Public_Facing,Medium,Monitored,CTRL-DET-02,Medium,Corporate,Infrastructure,Active
CSE-014-AST-044,CSE-014,Industrial_System,Identity,High,Monitored,CTRL-VUL-05,High,DR,Application,Active
CSE-014-AST-045,CSE-014,Database,Identity,High,Partially_Monitored,CTRL-DET-02,High,DR,IT_Operations,Active
CSE-014-AST-046,CSE-014,Cloud_Service,Industrial_Control,Medium,Monitored,CTRL-ACC-04,Medium,Production,IT_Operations,Active
CSE-014-AST-047,CSE-014,Network_Device,Identity,High,Monitored,CTRL-VUL-05,High,DR,Application,Active
CSE-014-AST-048,CSE-014,Industrial_System,Identity,Medium,Monitored,CTRL-MON-01,Medium,Corporate,Network,Retired
CSE-014-AST-049,CSE-014,Database,Business_App,Critical,Not_Monitored,CTRL-ACC-04,Critical,Corporate,IT_Operations,Retired
CSE-014-AST-050,CSE-014,Cloud_Service,Core_Network,Medium,Partially_Monitored,CTRL-ACC-04,Medium,Development,Infrastructure,Active
CSE-014-AST-051,CSE-014,Network_Device,Messaging,Medium,Monitored,CTRL-IR-03,Medium,DR,SOC,Active
CSE-014-AST-052,CSE-014,Database,Operations,Medium,Not_Monitored,CTRL-ACC-04,Medium,DR,Infrastructure,Active
CSE-014-AST-053,CSE-014,Industrial_System,Messaging,Low,Monitored,CTRL-DET-02,Low,Production,Network,Active
CSE-014-AST-054,CSE-014,Application,Operations,Medium,Monitored,CTRL-DET-02,Medium,Corporate,Infrastructure,Active
CSE-014-AST-055,CSE-014,Industrial_System,Business_App,Medium,Monitored,CTRL-IR-03,Medium,Development,Infrastructure,Active
CSE-014-AST-056,CSE-014,Server,Business_App,Low,Partially_Monitored,CTRL-DET-02,Low,Corporate,Network,Retired
CSE-014-AST-057,CSE-014,Network_Device,Operations,Medium,Monitored,CTRL-IR-03,Medium,Production,Network,Retired
CSE-014-AST-058,CSE-014,Endpoint,Messaging,High,Monitored,CTRL-MON-01,High,DR,SOC,Active
CSE-014-AST-059,CSE-014,Application,Core_Network,High,Monitored,CTRL-DET-02,High,DR,IT_Operations,Active
CSE-014-AST-060,CSE-014,Endpoint,Industrial_Control,Medium,Not_Monitored,CTRL-ACC-04,Medium,Development,Application,Retired
CSE-014-AST-061,CSE-014,Endpoint,Business_App,Low,Monitored,CTRL-VUL-05,Low,Development,Network,Active
CSE-014-AST-062,CSE-014,Endpoint,Operations,High,Partially_Monitored,CTRL-ACC-04,High,DR,Application,Active
CSE-014-AST-063,CSE-014,Endpoint,Public_Facing,High,Monitored,CTRL-DET-02,High,DR,SOC,Active
CSE-014-AST-064,CSE-014,Endpoint,Core_Network,Medium,Not_Monitored,CTRL-DET-02,Medium,Corporate,SOC,Active
CSE-014-AST-065,CSE-014,Database,Core_Network,Low,Monitored,CTRL-VUL-05,Low,DR,SOC,Retired
CSE-015-AST-001,CSE-015,Cloud_Service,Operations,Medium,Not_Monitored,CTRL-VUL-05,Medium,Corporate,Application,Active
CSE-015-AST-002,CSE-015,Network_Device,Public_Facing,Low,Monitored,CTRL-IR-03,Low,Corporate,Network,Active
CSE-015-AST-003,CSE-015,Database,Business_App,Medium,Partially_Monitored,CTRL-VUL-05,Medium,Corporate,Application,Active
CSE-015-AST-004,CSE-015,Network_Device,Business_App,Medium,Monitored,CTRL-VUL-05,Medium,DR,IT_Operations,Active
CSE-015-AST-005,CSE-015,Application,Database,Low,Monitored,CTRL-VUL-05,Low,DR,Network,Active
CSE-015-AST-006,CSE-015,Cloud_Service,Identity,Medium,Not_Monitored,CTRL-ACC-04,Medium,Corporate,Infrastructure,Active
CSE-015-AST-007,CSE-015,Cloud_Service,Public_Facing,Medium,Monitored,CTRL-VUL-05,Medium,Development,SOC,Active
CSE-015-AST-008,CSE-015,Server,Public_Facing,Medium,Monitored,CTRL-IR-03,Medium,Corporate,Network,Active
CSE-015-AST-009,CSE-015,Industrial_System,Core_Network,Low,Not_Monitored,CTRL-VUL-05,Low,Corporate,IT_Operations,Retired
CSE-015-AST-010,CSE-015,Network_Device,Public_Facing,Medium,Monitored,CTRL-VUL-05,Medium,Development,SOC,Active
CSE-015-AST-011,CSE-015,Application,Public_Facing,Medium,Monitored,CTRL-ACC-04,Medium,Development,IT_Operations,Active
CSE-015-AST-012,CSE-015,Endpoint,Messaging,Medium,Partially_Monitored,CTRL-IR-03,Medium,DR,Network,Active
CSE-015-AST-013,CSE-015,Server,Business_App,Low,Monitored,CTRL-DET-02,Low,Corporate,Infrastructure,Active
CSE-015-AST-014,CSE-015,Application,Database,Low,Monitored,CTRL-VUL-05,Low,Development,Application,Active
CSE-015-AST-015,CSE-015,Cloud_Service,Messaging,High,Monitored,CTRL-MON-01,High,Corporate,Network,Active
CSE-015-AST-016,CSE-015,Endpoint,Industrial_Control,Critical,Monitored,CTRL-VUL-05,Critical,Corporate,Infrastructure,Active
CSE-015-AST-017,CSE-015,Industrial_System,Public_Facing,Low,Partially_Monitored,CTRL-MON-01,Low,DR,SOC,Active
CSE-015-AST-018,CSE-015,Server,Database,Medium,Not_Monitored,CTRL-ACC-04,Medium,Production,SOC,Active
CSE-015-AST-019,CSE-015,Cloud_Service,Database,High,Monitored,CTRL-VUL-05,High,DR,IT_Operations,Active
CSE-015-AST-020,CSE-015,Application,Business_App,Medium,Monitored,CTRL-DET-02,Medium,Development,Infrastructure,Retired
CSE-015-AST-021,CSE-015,Industrial_System,Public_Facing,Low,Monitored,CTRL-ACC-04,Low,DR,Network,Active
CSE-015-AST-022,CSE-015,Server,Operations,Medium,Monitored,CTRL-IR-03,Medium,Development,Network,Active
CSE-015-AST-023,CSE-015,Network_Device,Business_App,High,Monitored,CTRL-ACC-04,High,Corporate,SOC,Active
CSE-015-AST-024,CSE-015,Network_Device,Industrial_Control,Low,Monitored,CTRL-IR-03,Low,Development,Infrastructure,Active
CSE-015-AST-025,CSE-015,Database,Database,Medium,Monitored,CTRL-DET-02,Medium,Corporate,IT_Operations,Active
CSE-015-AST-026,CSE-015,Database,Core_Network,Medium,Monitored,CTRL-DET-02,Medium,Production,Infrastructure,Active
CSE-015-AST-027,CSE-015,Application,Database,Medium,Monitored,CTRL-VUL-05,Medium,Development,Application,Active
CSE-015-AST-028,CSE-015,Endpoint,Database,Low,Monitored,CTRL-VUL-05,Low,Corporate,Network,Retired
CSE-015-AST-029,CSE-015,Database,Industrial_Control,Medium,Monitored,CTRL-DET-02,Medium,Production,Network,Active
CSE-015-AST-030,CSE-015,Network_Device,Business_App,Low,Not_Monitored,CTRL-DET-02,Low,Development,Network,Active
CSE-015-AST-031,CSE-015,Endpoint,Business_App,High,Monitored,CTRL-DET-02,High,Development,Application,Active
CSE-015-AST-032,CSE-015,Industrial_System,Database,High,Monitored,CTRL-IR-03,High,Production,Infrastructure,Active
CSE-015-AST-033,CSE-015,Industrial_System,Core_Network,High,Monitored,CTRL-IR-03,High,Corporate,IT_Operations,Active
CSE-015-AST-034,CSE-015,Database,Industrial_Control,Critical,Monitored,CTRL-ACC-04,Critical,Corporate,SOC,Active
CSE-015-AST-035,CSE-015,Server,Identity,Low,Not_Monitored,CTRL-ACC-04,Low,Production,Infrastructure,Retired
CSE-015-AST-036,CSE-015,Industrial_System,Industrial_Control,High,Monitored,CTRL-IR-03,High,Production,IT_Operations,Active
CSE-015-AST-037,CSE-015,Application,Identity,Medium,Monitored,CTRL-DET-02,Medium,Corporate,Infrastructure,Active
CSE-015-AST-038,CSE-015,Industrial_System,Core_Network,Low,Monitored,CTRL-DET-02,Low,DR,IT_Operations,Active
CSE-015-AST-039,CSE-015,Database,Core_Network,High,Monitored,CTRL-DET-02,High,Corporate,SOC,Active
CSE-015-AST-040,CSE-015,Endpoint,Core_Network,High,Partially_Monitored,CTRL-VUL-05,High,Development,Application,Active
CSE-015-AST-041,CSE-015,Application,Identity,Low,Monitored,CTRL-DET-02,Low,Corporate,IT_Operations,Active
CSE-015-AST-042,CSE-015,Application,Database,Medium,Monitored,CTRL-MON-01,Medium,Development,Infrastructure,Active
CSE-015-AST-043,CSE-015,Cloud_Service,Core_Network,High,Monitored,CTRL-MON-01,High,Corporate,SOC,Retired
CSE-015-AST-044,CSE-015,Network_Device,Business_App,High,Monitored,CTRL-VUL-05,High,Corporate,IT_Operations,Retired
CSE-015-AST-045,CSE-015,Database,Core_Network,High,Monitored,CTRL-IR-03,High,Development,Application,Active
CSE-015-AST-046,CSE-015,Database,Messaging,Critical,Monitored,CTRL-DET-02,Critical,Production,Network,Active
CSE-015-AST-047,CSE-015,Database,Industrial_Control,Low,Monitored,CTRL-MON-01,Low,Corporate,Network,Active
CSE-015-AST-048,CSE-015,Server,Public_Facing,Critical,Partially_Monitored,CTRL-DET-02,Critical,Development,SOC,Active
CSE-015-AST-049,CSE-015,Database,Identity,Medium,Monitored,CTRL-IR-03,Medium,Production,SOC,Active
CSE-015-AST-050,CSE-015,Application,Identity,Low,Monitored,CTRL-IR-03,Low,Production,Application,Active
CSE-015-AST-051,CSE-015,Application,Business_App,Critical,Monitored,CTRL-MON-01,Critical,DR,SOC,Active
CSE-015-AST-052,CSE-015,Industrial_System,Database,High,Monitored,CTRL-ACC-04,High,Corporate,Infrastructure,Active
CSE-015-AST-053,CSE-015,Cloud_Service,Core_Network,Medium,Monitored,CTRL-IR-03,Medium,Corporate,SOC,Active
CSE-015-AST-054,CSE-015,Cloud_Service,Messaging,Low,Monitored,CTRL-MON-01,Low,Corporate,IT_Operations,Active
CSE-015-AST-055,CSE-015,Network_Device,Public_Facing,Low,Monitored,CTRL-IR-03,Low,Corporate,Network,Active
CSE-015-AST-056,CSE-015,Industrial_System,Messaging,Critical,Monitored,CTRL-DET-02,Critical,Development,Network,Active
CSE-015-AST-057,CSE-015,Database,Database,Medium,Monitored,CTRL-ACC-04,Medium,Production,Application,Active
CSE-015-AST-058,CSE-015,Cloud_Service,Core_Network,Low,Not_Monitored,CTRL-IR-03,Low,Development,Network,Active
CSE-015-AST-059,CSE-015,Cloud_Service,Public_Facing,Critical,Monitored,CTRL-DET-02,Critical,DR,Application,Active
CSE-015-AST-060,CSE-015,Industrial_System,Industrial_Control,High,Monitored,CTRL-IR-03,High,Production,Infrastructure,Active
CSE-015-AST-061,CSE-015,Industrial_System,Business_App,Low,Monitored,CTRL-VUL-05,Low,Production,SOC,Active
CSE-015-AST-062,CSE-015,Database,Business_App,Low,Partially_Monitored,CTRL-MON-01,Low,Corporate,SOC,Active
CSE-015-AST-063,CSE-015,Network_Device,Public_Facing,High,Monitored,CTRL-IR-03,High,Development,Application,Active
CSE-015-AST-064,CSE-015,Industrial_System,Public_Facing,Low,Not_Monitored,CTRL-ACC-04,Low,Corporate,SOC,Active
CSE-015-AST-065,CSE-015,Server,Database,Critical,Monitored,CTRL-IR-03,Critical,DR,Network,Active
CSE-015-AST-066,CSE-015,Endpoint,Database,Low,Monitored,CTRL-ACC-04,Low,Corporate,IT_Operations,Active
CSE-015-AST-067,CSE-015,Server,Business_App,Medium,Not_Monitored,CTRL-MON-01,Medium,Corporate,Infrastructure,Active
CSE-015-AST-068,CSE-015,Database,Operations,Low,Partially_Monitored,CTRL-ACC-04,Low,Development,SOC,Active
CSE-015-AST-069,CSE-015,Application,Messaging,High,Partially_Monitored,CTRL-DET-02,High,Development,Infrastructure,Active
CSE-015-AST-070,CSE-015,Cloud_Service,Industrial_Control,Low,Monitored,CTRL-DET-02,Low,DR,Application,Active
CSE-015-AST-071,CSE-015,Industrial_System,Operations,Low,Partially_Monitored,CTRL-DET-02,Low,Corporate,SOC,Active
CSE-015-AST-072,CSE-015,Database,Business_App,Medium,Monitored,CTRL-ACC-04,Medium,Development,Infrastructure,Active
CSE-015-AST-073,CSE-015,Application,Public_Facing,High,Partially_Monitored,CTRL-IR-03,High,Development,SOC,Active
CSE-015-AST-074,CSE-015,Server,Database,Low,Not_Monitored,CTRL-MON-01,Low,Development,Infrastructure,Active
CSE-015-AST-075,CSE-015,Industrial_System,Database,Medium,Not_Monitored,CTRL-IR-03,Medium,Corporate,SOC,Active
CSE-015-AST-076,CSE-015,Industrial_System,Industrial_Control,Low,Monitored,CTRL-VUL-05,Low,Production,Infrastructure,Active
CSE-015-AST-077,CSE-015,Industrial_System,Business_App,Medium,Monitored,CTRL-MON-01,Medium,Corporate,Network,Active
CSE-015-AST-078,CSE-015,Endpoint,Messaging,Medium,Partially_Monitored,CTRL-ACC-04,Medium,Development,IT_Operations,Active
CSE-015-AST-079,CSE-015,Server,Messaging,Low,Monitored,CTRL-IR-03,Low,Production,SOC,Active
CSE-016-AST-001,CSE-016,Cloud_Service,Identity,Low,Monitored,CTRL-MON-01,Low,Development,Application,Active
CSE-016-AST-002,CSE-016,Database,Operations,High,Partially_Monitored,CTRL-IR-03,High,Production,Network,Active
CSE-016-AST-003,CSE-016,Database,Industrial_Control,Medium,Monitored,CTRL-VUL-05,Medium,Production,IT_Operations,Active
CSE-016-AST-004,CSE-016,Endpoint,Public_Facing,Medium,Monitored,CTRL-DET-02,Medium,Production,IT_Operations,Active
CSE-016-AST-005,CSE-016,Server,Public_Facing,Critical,Monitored,CTRL-IR-03,Critical,Corporate,Application,Retired
CSE-016-AST-006,CSE-016,Cloud_Service,Industrial_Control,Low,Partially_Monitored,CTRL-IR-03,Low,Production,Network,Active
CSE-016-AST-007,CSE-016,Endpoint,Identity,High,Not_Monitored,CTRL-VUL-05,High,Corporate,SOC,Active
CSE-016-AST-008,CSE-016,Server,Industrial_Control,Medium,Monitored,CTRL-MON-01,Medium,Production,Network,Active
CSE-016-AST-009,CSE-016,Cloud_Service,Business_App,Medium,Monitored,CTRL-MON-01,Medium,DR,SOC,Active
CSE-016-AST-010,CSE-016,Application,Public_Facing,Low,Monitored,CTRL-VUL-05,Low,Development,SOC,Active
CSE-016-AST-011,CSE-016,Application,Operations,High,Not_Monitored,CTRL-IR-03,High,DR,Network,Active
CSE-016-AST-012,CSE-016,Endpoint,Identity,Medium,Monitored,CTRL-IR-03,Medium,Development,SOC,Retired
CSE-016-AST-013,CSE-016,Server,Messaging,Low,Not_Monitored,CTRL-VUL-05,Low,Production,Network,Retired
CSE-016-AST-014,CSE-016,Database,Messaging,Low,Monitored,CTRL-VUL-05,Low,DR,Application,Active
CSE-016-AST-015,CSE-016,Application,Operations,Low,Monitored,CTRL-DET-02,Low,Production,Network,Active
CSE-016-AST-016,CSE-016,Industrial_System,Operations,Medium,Monitored,CTRL-IR-03,Medium,Production,Application,Active
CSE-016-AST-017,CSE-016,Server,Identity,High,Monitored,CTRL-VUL-05,High,Development,Infrastructure,Active
CSE-016-AST-018,CSE-016,Network_Device,Business_App,Medium,Monitored,CTRL-MON-01,Medium,Development,IT_Operations,Active
CSE-016-AST-019,CSE-016,Network_Device,Messaging,Low,Not_Monitored,CTRL-IR-03,Low,Production,Network,Active
CSE-016-AST-020,CSE-016,Server,Industrial_Control,High,Monitored,CTRL-VUL-05,High,Corporate,SOC,Active
CSE-016-AST-021,CSE-016,Database,Database,Medium,Monitored,CTRL-IR-03,Medium,Production,SOC,Active
CSE-016-AST-022,CSE-016,Server,Identity,Medium,Not_Monitored,CTRL-VUL-05,Medium,DR,Application,Active
CSE-016-AST-023,CSE-016,Endpoint,Operations,High,Not_Monitored,CTRL-MON-01,High,Development,Network,Active
CSE-016-AST-024,CSE-016,Cloud_Service,Identity,Medium,Not_Monitored,CTRL-MON-01,Medium,Corporate,Infrastructure,Retired
CSE-016-AST-025,CSE-016,Industrial_System,Messaging,Medium,Monitored,CTRL-VUL-05,Medium,Development,SOC,Active
CSE-016-AST-026,CSE-016,Industrial_System,Business_App,High,Monitored,CTRL-IR-03,High,DR,SOC,Active
CSE-016-AST-027,CSE-016,Endpoint,Core_Network,Medium,Not_Monitored,CTRL-ACC-04,Medium,Development,Network,Active
CSE-016-AST-028,CSE-016,Database,Public_Facing,Low,Monitored,CTRL-VUL-05,Low,DR,Infrastructure,Active
CSE-016-AST-029,CSE-016,Industrial_System,Identity,High,Monitored,CTRL-IR-03,High,Production,Application,Active
CSE-016-AST-030,CSE-016,Cloud_Service,Core_Network,High,Partially_Monitored,CTRL-MON-01,High,Corporate,SOC,Active
CSE-016-AST-031,CSE-016,Cloud_Service,Messaging,Medium,Monitored,CTRL-MON-01,Medium,DR,IT_Operations,Active
CSE-016-AST-032,CSE-016,Cloud_Service,Messaging,High,Monitored,CTRL-IR-03,High,DR,Application,Active
CSE-016-AST-033,CSE-016,Server,Core_Network,Medium,Monitored,CTRL-ACC-04,Medium,Development,Infrastructure,Active
CSE-016-AST-034,CSE-016,Network_Device,Industrial_Control,High,Partially_Monitored,CTRL-DET-02,High,Corporate,Network,Active
CSE-016-AST-035,CSE-016,Industrial_System,Business_App,Low,Monitored,CTRL-IR-03,Low,Development,SOC,Retired
CSE-016-AST-036,CSE-016,Industrial_System,Business_App,Medium,Not_Monitored,CTRL-VUL-05,Medium,Corporate,Network,Active
CSE-016-AST-037,CSE-016,Application,Identity,Low,Monitored,CTRL-MON-01,Low,Development,Application,Active
CSE-016-AST-038,CSE-016,Application,Identity,Low,Not_Monitored,CTRL-MON-01,Low,Corporate,Application,Active
CSE-016-AST-039,CSE-016,Cloud_Service,Business_App,Low,Monitored,CTRL-IR-03,Low,Production,Application,Active
CSE-016-AST-040,CSE-016,Database,Database,High,Partially_Monitored,CTRL-MON-01,High,Corporate,IT_Operations,Active
CSE-016-AST-041,CSE-016,Cloud_Service,Identity,Medium,Partially_Monitored,CTRL-ACC-04,Medium,DR,Application,Active
CSE-016-AST-042,CSE-016,Cloud_Service,Messaging,High,Not_Monitored,CTRL-DET-02,High,Corporate,SOC,Active
CSE-016-AST-043,CSE-016,Server,Industrial_Control,High,Monitored,CTRL-ACC-04,High,Development,SOC,Active
CSE-016-AST-044,CSE-016,Industrial_System,Industrial_Control,Low,Partially_Monitored,CTRL-ACC-04,Low,Corporate,Application,Active
CSE-016-AST-045,CSE-016,Application,Messaging,Medium,Monitored,CTRL-VUL-05,Medium,Development,SOC,Active
CSE-016-AST-046,CSE-016,Server,Core_Network,Low,Not_Monitored,CTRL-MON-01,Low,Development,Infrastructure,Active
CSE-016-AST-047,CSE-016,Server,Identity,Medium,Monitored,CTRL-VUL-05,Medium,DR,Infrastructure,Active
CSE-016-AST-048,CSE-016,Industrial_System,Identity,Low,Monitored,CTRL-MON-01,Low,Production,IT_Operations,Active
CSE-016-AST-049,CSE-016,Cloud_Service,Business_App,High,Monitored,CTRL-VUL-05,High,DR,IT_Operations,Active
CSE-016-AST-050,CSE-016,Industrial_System,Database,Medium,Monitored,CTRL-IR-03,Medium,Corporate,IT_Operations,Active
CSE-016-AST-051,CSE-016,Application,Operations,Low,Partially_Monitored,CTRL-MON-01,Low,DR,IT_Operations,Active
CSE-016-AST-052,CSE-016,Industrial_System,Operations,Medium,Monitored,CTRL-ACC-04,Medium,DR,SOC,Retired
CSE-016-AST-053,CSE-016,Endpoint,Industrial_Control,High,Monitored,CTRL-DET-02,High,Development,Network,Active
CSE-016-AST-054,CSE-016,Server,Public_Facing,Medium,Monitored,CTRL-ACC-04,Medium,Corporate,Application,Active
CSE-016-AST-055,CSE-016,Cloud_Service,Operations,High,Monitored,CTRL-MON-01,High,Development,Application,Active
CSE-016-AST-056,CSE-016,Endpoint,Database,Low,Monitored,CTRL-DET-02,Low,Corporate,IT_Operations,Active
CSE-016-AST-057,CSE-016,Application,Public_Facing,Low,Monitored,CTRL-IR-03,Low,Production,IT_Operations,Retired
CSE-016-AST-058,CSE-016,Industrial_System,Identity,Medium,Monitored,CTRL-IR-03,Medium,Production,SOC,Retired
CSE-016-AST-059,CSE-016,Server,Database,Low,Monitored,CTRL-VUL-05,Low,Development,Network,Active
CSE-016-AST-060,CSE-016,Endpoint,Public_Facing,Low,Monitored,CTRL-MON-01,Low,DR,Infrastructure,Active
CSE-016-AST-061,CSE-016,Cloud_Service,Industrial_Control,Medium,Monitored,CTRL-ACC-04,Medium,Production,Network,Active
CSE-016-AST-062,CSE-016,Cloud_Service,Core_Network,High,Monitored,CTRL-VUL-05,High,DR,Application,Active
CSE-016-AST-063,CSE-016,Endpoint,Industrial_Control,Medium,Monitored,CTRL-IR-03,Medium,DR,Network,Active
CSE-016-AST-064,CSE-016,Database,Industrial_Control,High,Monitored,CTRL-DET-02,High,DR,Infrastructure,Active
CSE-016-AST-065,CSE-016,Network_Device,Industrial_Control,Medium,Not_Monitored,CTRL-MON-01,Medium,Production,Application,Active
CSE-016-AST-066,CSE-016,Database,Core_Network,Medium,Monitored,CTRL-ACC-04,Medium,Production,IT_Operations,Active
CSE-016-AST-067,CSE-016,Network_Device,Core_Network,High,Monitored,CTRL-VUL-05,High,Production,Network,Active
CSE-016-AST-068,CSE-016,Cloud_Service,Identity,High,Monitored,CTRL-IR-03,High,DR,Application,Active
CSE-016-AST-069,CSE-016,Server,Operations,Medium,Partially_Monitored,CTRL-IR-03,Medium,Corporate,Infrastructure,Active
CSE-016-AST-070,CSE-016,Cloud_Service,Public_Facing,Medium,Partially_Monitored,CTRL-DET-02,Medium,Development,Infrastructure,Active
CSE-016-AST-071,CSE-016,Cloud_Service,Database,Medium,Not_Monitored,CTRL-IR-03,Medium,Production,Infrastructure,Active
CSE-016-AST-072,CSE-016,Database,Messaging,High,Monitored,CTRL-DET-02,High,DR,Application,Active
CSE-016-AST-073,CSE-016,Database,Public_Facing,Low,Not_Monitored,CTRL-IR-03,Low,Production,IT_Operations,Active
CSE-016-AST-074,CSE-016,Database,Messaging,Medium,Monitored,CTRL-ACC-04,Medium,Production,Network,Retired
CSE-016-AST-075,CSE-016,Network_Device,Database,Medium,Not_Monitored,CTRL-DET-02,Medium,Production,SOC,Retired
CSE-016-AST-076,CSE-016,Endpoint,Operations,Low,Monitored,CTRL-DET-02,Low,DR,Infrastructure,Active
CSE-016-AST-077,CSE-016,Application,Public_Facing,Low,Partially_Monitored,CTRL-ACC-04,Low,DR,SOC,Active
CSE-016-AST-078,CSE-016,Endpoint,Database,High,Not_Monitored,CTRL-ACC-04,High,Corporate,Network,Active
CSE-016-AST-079,CSE-016,Endpoint,Business_App,Low,Monitored,CTRL-VUL-05,Low,Production,SOC,Active
CSE-016-AST-080,CSE-016,Industrial_System,Core_Network,Low,Monitored,CTRL-VUL-05,Low,DR,Infrastructure,Active
CSE-016-AST-081,CSE-016,Database,Messaging,Medium,Monitored,CTRL-ACC-04,Medium,Production,Infrastructure,Active
CSE-016-AST-082,CSE-016,Database,Operations,Low,Monitored,CTRL-IR-03,Low,Development,Network,Active
CSE-016-AST-083,CSE-016,Endpoint,Messaging,High,Monitored,CTRL-MON-01,High,Production,Application,Active
CSE-016-AST-084,CSE-016,Server,Messaging,Low,Monitored,CTRL-IR-03,Low,Development,Network,Active
CSE-016-AST-085,CSE-016,Endpoint,Public_Facing,Low,Monitored,CTRL-VUL-05,Low,DR,Application,Active
CSE-016-AST-086,CSE-016,Server,Public_Facing,Medium,Monitored,CTRL-MON-01,Medium,Development,Infrastructure,Active
CSE-016-AST-087,CSE-016,Endpoint,Industrial_Control,Low,Monitored,CTRL-IR-03,Low,Production,Application,Active
CSE-016-AST-088,CSE-016,Endpoint,Messaging,Low,Monitored,CTRL-MON-01,Low,DR,Application,Active
CSE-016-AST-089,CSE-016,Database,Database,Medium,Monitored,CTRL-ACC-04,Medium,Production,Network,Active
CSE-016-AST-090,CSE-016,Database,Public_Facing,Low,Not_Monitored,CTRL-IR-03,Low,DR,Network,Active
CSE-016-AST-091,CSE-016,Database,Messaging,Low,Monitored,CTRL-VUL-05,Low,Development,SOC,Active
CSE-016-AST-092,CSE-016,Server,Identity,High,Monitored,CTRL-VUL-05,High,Development,SOC,Active
CSE-016-AST-093,CSE-016,Industrial_System,Database,High,Monitored,CTRL-DET-02,High,DR,Network,Active
CSE-016-AST-094,CSE-016,Industrial_System,Public_Facing,High,Monitored,CTRL-DET-02,High,DR,Network,Active
CSE-016-AST-095,CSE-016,Endpoint,Identity,Medium,Monitored,CTRL-VUL-05,Medium,DR,IT_Operations,Active
CSE-016-AST-096,CSE-016,Application,Identity,Low,Monitored,CTRL-ACC-04,Low,DR,IT_Operations,Active
CSE-016-AST-097,CSE-016,Server,Public_Facing,Low,Monitored,CTRL-MON-01,Low,Corporate,Network,Retired
CSE-016-AST-098,CSE-016,Database,Industrial_Control,Low,Monitored,CTRL-IR-03,Low,Development,Infrastructure,Active
CSE-016-AST-099,CSE-016,Endpoint,Identity,Medium,Monitored,CTRL-VUL-05,Medium,Corporate,Application,Active
CSE-016-AST-100,CSE-016,Server,Operations,Critical,Not_Monitored,CTRL-IR-03,Critical,Corporate,Application,Active
CSE-016-AST-101,CSE-016,Endpoint,Identity,Medium,Partially_Monitored,CTRL-VUL-05,Medium,Corporate,SOC,Active
CSE-017-AST-001,CSE-017,Server,Industrial_Control,Medium,Monitored,CTRL-DET-02,Medium,Corporate,Infrastructure,Active
CSE-017-AST-002,CSE-017,Database,Messaging,Low,Not_Monitored,CTRL-DET-02,Low,DR,SOC,Active
CSE-017-AST-003,CSE-017,Application,Public_Facing,Medium,Partially_Monitored,CTRL-IR-03,Medium,Production,SOC,Retired
CSE-017-AST-004,CSE-017,Server,Industrial_Control,Medium,Monitored,CTRL-VUL-05,Medium,Development,Application,Active
CSE-017-AST-005,CSE-017,Industrial_System,Messaging,Medium,Not_Monitored,CTRL-IR-03,Medium,Corporate,Network,Active
CSE-017-AST-006,CSE-017,Database,Messaging,Medium,Monitored,CTRL-ACC-04,Medium,Production,IT_Operations,Active
CSE-017-AST-007,CSE-017,Network_Device,Operations,Medium,Monitored,CTRL-MON-01,Medium,Production,IT_Operations,Retired
CSE-017-AST-008,CSE-017,Cloud_Service,Identity,Medium,Monitored,CTRL-IR-03,Medium,Corporate,Application,Active
CSE-017-AST-009,CSE-017,Network_Device,Identity,Low,Monitored,CTRL-MON-01,Low,Corporate,Application,Active
CSE-017-AST-010,CSE-017,Database,Operations,Critical,Not_Monitored,CTRL-DET-02,Critical,Development,Infrastructure,Active
CSE-017-AST-011,CSE-017,Application,Industrial_Control,Medium,Not_Monitored,CTRL-MON-01,Medium,Corporate,SOC,Active
CSE-017-AST-012,CSE-017,Cloud_Service,Identity,Medium,Monitored,CTRL-ACC-04,Medium,Corporate,Infrastructure,Retired
CSE-017-AST-013,CSE-017,Endpoint,Identity,Low,Monitored,CTRL-ACC-04,Low,Production,Infrastructure,Active
CSE-017-AST-014,CSE-017,Endpoint,Messaging,Low,Monitored,CTRL-MON-01,Low,Corporate,Application,Retired
CSE-017-AST-015,CSE-017,Endpoint,Public_Facing,Medium,Monitored,CTRL-IR-03,Medium,Development,IT_Operations,Active
CSE-017-AST-016,CSE-017,Endpoint,Core_Network,Medium,Monitored,CTRL-ACC-04,Medium,Development,Network,Active
CSE-017-AST-017,CSE-017,Cloud_Service,Messaging,High,Monitored,CTRL-DET-02,High,DR,SOC,Active
CSE-017-AST-018,CSE-017,Server,Database,Medium,Monitored,CTRL-VUL-05,Medium,Corporate,Infrastructure,Active
CSE-017-AST-019,CSE-017,Database,Messaging,Medium,Monitored,CTRL-MON-01,Medium,DR,Application,Active
CSE-017-AST-020,CSE-017,Industrial_System,Operations,Medium,Partially_Monitored,CTRL-IR-03,Medium,Production,IT_Operations,Active
CSE-017-AST-021,CSE-017,Application,Public_Facing,Critical,Monitored,CTRL-IR-03,Critical,Development,IT_Operations,Active
CSE-017-AST-022,CSE-017,Application,Core_Network,Medium,Monitored,CTRL-ACC-04,Medium,Production,SOC,Active
CSE-017-AST-023,CSE-017,Endpoint,Database,High,Not_Monitored,CTRL-DET-02,High,DR,Network,Active
CSE-017-AST-024,CSE-017,Database,Operations,Medium,Monitored,CTRL-IR-03,Medium,DR,IT_Operations,Active
CSE-017-AST-025,CSE-017,Application,Industrial_Control,High,Monitored,CTRL-IR-03,High,DR,Network,Active
CSE-017-AST-026,CSE-017,Industrial_System,Identity,Low,Monitored,CTRL-MON-01,Low,DR,IT_Operations,Active
CSE-017-AST-027,CSE-017,Server,Core_Network,High,Monitored,CTRL-ACC-04,High,Development,SOC,Active
CSE-017-AST-028,CSE-017,Network_Device,Industrial_Control,High,Monitored,CTRL-MON-01,High,Development,IT_Operations,Active
CSE-017-AST-029,CSE-017,Industrial_System,Business_App,Medium,Partially_Monitored,CTRL-VUL-05,Medium,Production,Network,Active
CSE-017-AST-030,CSE-017,Server,Identity,Medium,Not_Monitored,CTRL-IR-03,Medium,DR,Network,Active
CSE-017-AST-031,CSE-017,Application,Operations,Medium,Monitored,CTRL-ACC-04,Medium,Corporate,SOC,Active
CSE-017-AST-032,CSE-017,Industrial_System,Identity,Low,Monitored,CTRL-DET-02,Low,DR,Application,Active
CSE-017-AST-033,CSE-017,Application,Core_Network,Medium,Monitored,CTRL-IR-03,Medium,Development,Application,Retired
CSE-017-AST-034,CSE-017,Cloud_Service,Core_Network,High,Monitored,CTRL-DET-02,High,Development,SOC,Active
CSE-017-AST-035,CSE-017,Network_Device,Identity,Medium,Not_Monitored,CTRL-IR-03,Medium,Development,Network,Active
CSE-017-AST-036,CSE-017,Industrial_System,Identity,Medium,Monitored,CTRL-MON-01,Medium,Corporate,SOC,Active
CSE-017-AST-037,CSE-017,Application,Operations,High,Not_Monitored,CTRL-DET-02,High,Production,Network,Active
CSE-017-AST-038,CSE-017,Network_Device,Messaging,High,Partially_Monitored,CTRL-MON-01,High,DR,IT_Operations,Active
CSE-017-AST-039,CSE-017,Industrial_System,Identity,Low,Monitored,CTRL-IR-03,Low,DR,Infrastructure,Active
CSE-017-AST-040,CSE-017,Database,Business_App,Low,Partially_Monitored,CTRL-DET-02,Low,DR,Infrastructure,Active
CSE-017-AST-041,CSE-017,Cloud_Service,Identity,Medium,Not_Monitored,CTRL-DET-02,Medium,DR,SOC,Active
CSE-017-AST-042,CSE-017,Cloud_Service,Identity,Medium,Monitored,CTRL-DET-02,Medium,DR,IT_Operations,Active
CSE-017-AST-043,CSE-017,Cloud_Service,Messaging,Medium,Monitored,CTRL-VUL-05,Medium,Development,Application,Active
CSE-017-AST-044,CSE-017,Network_Device,Operations,High,Monitored,CTRL-ACC-04,High,Corporate,SOC,Active
CSE-017-AST-045,CSE-017,Network_Device,Business_App,Medium,Monitored,CTRL-MON-01,Medium,Production,Infrastructure,Active
CSE-017-AST-046,CSE-017,Network_Device,Operations,Low,Monitored,CTRL-DET-02,Low,Development,SOC,Active
CSE-017-AST-047,CSE-017,Database,Database,Low,Monitored,CTRL-MON-01,Low,Corporate,Application,Active
CSE-017-AST-048,CSE-017,Industrial_System,Core_Network,Low,Partially_Monitored,CTRL-IR-03,Low,DR,IT_Operations,Active
CSE-017-AST-049,CSE-017,Server,Operations,Low,Monitored,CTRL-ACC-04,Low,Development,Infrastructure,Active
CSE-017-AST-050,CSE-017,Server,Identity,Medium,Not_Monitored,CTRL-DET-02,Medium,Corporate,Infrastructure,Active
CSE-017-AST-051,CSE-017,Cloud_Service,Database,High,Not_Monitored,CTRL-DET-02,High,DR,Application,Active
CSE-017-AST-052,CSE-017,Endpoint,Messaging,Low,Monitored,CTRL-DET-02,Low,Production,Infrastructure,Active
CSE-017-AST-053,CSE-017,Network_Device,Industrial_Control,Low,Not_Monitored,CTRL-MON-01,Low,Production,Infrastructure,Active
CSE-017-AST-054,CSE-017,Server,Public_Facing,Medium,Monitored,CTRL-IR-03,Medium,Corporate,Infrastructure,Retired
CSE-017-AST-055,CSE-017,Server,Public_Facing,High,Not_Monitored,CTRL-IR-03,High,Corporate,Infrastructure,Active
CSE-017-AST-056,CSE-017,Server,Public_Facing,Medium,Monitored,CTRL-VUL-05,Medium,Corporate,Infrastructure,Active
CSE-017-AST-057,CSE-017,Cloud_Service,Public_Facing,Medium,Partially_Monitored,CTRL-MON-01,Medium,Production,Application,Active
CSE-017-AST-058,CSE-017,Network_Device,Identity,High,Monitored,CTRL-ACC-04,High,DR,Application,Active
CSE-018-AST-001,CSE-018,Endpoint,Identity,Medium,Monitored,CTRL-MON-01,Medium,Corporate,Application,Active
CSE-018-AST-002,CSE-018,Endpoint,Identity,Medium,Monitored,CTRL-IR-03,Medium,Production,IT_Operations,Active
CSE-018-AST-003,CSE-018,Database,Industrial_Control,Medium,Not_Monitored,CTRL-MON-01,Medium,Development,SOC,Active
CSE-018-AST-004,CSE-018,Industrial_System,Database,Medium,Monitored,CTRL-IR-03,Medium,Corporate,Application,Active
CSE-018-AST-005,CSE-018,Cloud_Service,Industrial_Control,High,Monitored,CTRL-IR-03,High,Development,Network,Active
CSE-018-AST-006,CSE-018,Industrial_System,Core_Network,Low,Partially_Monitored,CTRL-DET-02,Low,Production,Application,Active
CSE-018-AST-007,CSE-018,Cloud_Service,Business_App,High,Monitored,CTRL-DET-02,High,DR,SOC,Active
CSE-018-AST-008,CSE-018,Cloud_Service,Business_App,Low,Monitored,CTRL-VUL-05,Low,Production,SOC,Active
CSE-018-AST-009,CSE-018,Network_Device,Public_Facing,High,Monitored,CTRL-IR-03,High,Production,IT_Operations,Active
CSE-018-AST-010,CSE-018,Cloud_Service,Industrial_Control,High,Monitored,CTRL-DET-02,High,Corporate,IT_Operations,Active
CSE-018-AST-011,CSE-018,Endpoint,Core_Network,High,Monitored,CTRL-ACC-04,High,Production,SOC,Active
CSE-018-AST-012,CSE-018,Application,Business_App,Medium,Monitored,CTRL-MON-01,Medium,DR,Application,Active
CSE-018-AST-013,CSE-018,Cloud_Service,Identity,High,Partially_Monitored,CTRL-IR-03,High,Development,Network,Active
CSE-018-AST-014,CSE-018,Industrial_System,Business_App,Low,Not_Monitored,CTRL-ACC-04,Low,Production,SOC,Active
CSE-018-AST-015,CSE-018,Database,Industrial_Control,Medium,Monitored,CTRL-MON-01,Medium,Development,IT_Operations,Active
CSE-018-AST-016,CSE-018,Server,Public_Facing,High,Not_Monitored,CTRL-IR-03,High,DR,Network,Active
CSE-018-AST-017,CSE-018,Industrial_System,Database,Medium,Monitored,CTRL-ACC-04,Medium,Development,SOC,Active
CSE-018-AST-018,CSE-018,Endpoint,Business_App,Low,Monitored,CTRL-MON-01,Low,Production,Application,Active
CSE-018-AST-019,CSE-018,Server,Identity,Medium,Monitored,CTRL-DET-02,Medium,Corporate,Infrastructure,Active
CSE-018-AST-020,CSE-018,Application,Business_App,High,Partially_Monitored,CTRL-IR-03,High,Corporate,Network,Active
CSE-018-AST-021,CSE-018,Server,Identity,High,Monitored,CTRL-MON-01,High,Corporate,SOC,Active
CSE-018-AST-022,CSE-018,Database,Database,Medium,Monitored,CTRL-VUL-05,Medium,Development,IT_Operations,Active
CSE-018-AST-023,CSE-018,Industrial_System,Messaging,Medium,Partially_Monitored,CTRL-ACC-04,Medium,Development,Application,Active
CSE-018-AST-024,CSE-018,Network_Device,Database,Medium,Monitored,CTRL-DET-02,Medium,Corporate,Application,Active
CSE-018-AST-025,CSE-018,Endpoint,Database,Low,Partially_Monitored,CTRL-ACC-04,Low,Production,Infrastructure,Active
CSE-018-AST-026,CSE-018,Network_Device,Public_Facing,Medium,Monitored,CTRL-MON-01,Medium,Development,Application,Active
CSE-018-AST-027,CSE-018,Industrial_System,Industrial_Control,Low,Monitored,CTRL-ACC-04,Low,Production,IT_Operations,Active
CSE-018-AST-028,CSE-018,Database,Database,Low,Monitored,CTRL-VUL-05,Low,Development,Network,Active
CSE-018-AST-029,CSE-018,Cloud_Service,Operations,Medium,Monitored,CTRL-IR-03,Medium,Corporate,Application,Active
CSE-018-AST-030,CSE-018,Cloud_Service,Public_Facing,Medium,Monitored,CTRL-DET-02,Medium,Development,SOC,Active
CSE-018-AST-031,CSE-018,Network_Device,Operations,High,Partially_Monitored,CTRL-VUL-05,High,Corporate,IT_Operations,Active
CSE-018-AST-032,CSE-018,Application,Business_App,Medium,Monitored,CTRL-DET-02,Medium,Production,IT_Operations,Active
CSE-018-AST-033,CSE-018,Cloud_Service,Business_App,Medium,Monitored,CTRL-IR-03,Medium,Corporate,Network,Active
CSE-018-AST-034,CSE-018,Server,Core_Network,Medium,Monitored,CTRL-ACC-04,Medium,Production,IT_Operations,Active
CSE-018-AST-035,CSE-018,Cloud_Service,Messaging,Medium,Partially_Monitored,CTRL-VUL-05,Medium,DR,Infrastructure,Active
CSE-018-AST-036,CSE-018,Endpoint,Core_Network,High,Monitored,CTRL-ACC-04,High,DR,Application,Active
CSE-018-AST-037,CSE-018,Database,Business_App,Medium,Partially_Monitored,CTRL-DET-02,Medium,Development,Network,Retired
CSE-018-AST-038,CSE-018,Application,Database,High,Monitored,CTRL-MON-01,High,Production,Network,Active
CSE-018-AST-039,CSE-018,Endpoint,Core_Network,Low,Monitored,CTRL-IR-03,Low,Production,Infrastructure,Active
CSE-018-AST-040,CSE-018,Endpoint,Public_Facing,Medium,Monitored,CTRL-IR-03,Medium,Development,IT_Operations,Active
CSE-018-AST-041,CSE-018,Network_Device,Core_Network,Medium,Not_Monitored,CTRL-VUL-05,Medium,Development,Application,Active
CSE-018-AST-042,CSE-018,Endpoint,Industrial_Control,Low,Monitored,CTRL-MON-01,Low,Production,Infrastructure,Active
CSE-018-AST-043,CSE-018,Network_Device,Database,Medium,Monitored,CTRL-IR-03,Medium,Development,Application,Active
CSE-018-AST-044,CSE-018,Endpoint,Public_Facing,Low,Monitored,CTRL-VUL-05,Low,Development,Network,Active
CSE-018-AST-045,CSE-018,Industrial_System,Industrial_Control,Medium,Monitored,CTRL-DET-02,Medium,Development,Infrastructure,Active
CSE-018-AST-046,CSE-018,Network_Device,Database,Medium,Monitored,CTRL-IR-03,Medium,DR,IT_Operations,Active
CSE-018-AST-047,CSE-018,Database,Operations,High,Not_Monitored,CTRL-MON-01,High,DR,Application,Active
CSE-018-AST-048,CSE-018,Endpoint,Database,High,Monitored,CTRL-IR-03,High,Corporate,Network,Active
CSE-018-AST-049,CSE-018,Industrial_System,Core_Network,Low,Partially_Monitored,CTRL-MON-01,Low,Development,SOC,Active
CSE-018-AST-050,CSE-018,Database,Database,Medium,Not_Monitored,CTRL-MON-01,Medium,DR,Network,Retired
CSE-018-AST-051,CSE-018,Industrial_System,Public_Facing,Medium,Monitored,CTRL-MON-01,Medium,Corporate,Infrastructure,Active
CSE-018-AST-052,CSE-018,Industrial_System,Public_Facing,Low,Not_Monitored,CTRL-VUL-05,Low,Corporate,SOC,Active
CSE-018-AST-053,CSE-018,Cloud_Service,Business_App,Medium,Monitored,CTRL-MON-01,Medium,DR,SOC,Retired
CSE-018-AST-054,CSE-018,Network_Device,Messaging,Low,Monitored,CTRL-DET-02,Low,Development,Network,Active
CSE-018-AST-055,CSE-018,Server,Database,Medium,Not_Monitored,CTRL-VUL-05,Medium,DR,Network,Active
CSE-018-AST-056,CSE-018,Database,Industrial_Control,Medium,Monitored,CTRL-DET-02,Medium,Production,IT_Operations,Active
CSE-018-AST-057,CSE-018,Industrial_System,Industrial_Control,High,Monitored,CTRL-MON-01,High,Production,Network,Active
CSE-018-AST-058,CSE-018,Server,Core_Network,Low,Not_Monitored,CTRL-IR-03,Low,Production,Application,Active
CSE-018-AST-059,CSE-018,Network_Device,Business_App,High,Monitored,CTRL-DET-02,High,Development,Network,Active
CSE-018-AST-060,CSE-018,Server,Industrial_Control,Medium,Monitored,CTRL-DET-02,Medium,DR,Application,Active
CSE-018-AST-061,CSE-018,Endpoint,Database,Medium,Monitored,CTRL-VUL-05,Medium,Corporate,Infrastructure,Active
CSE-018-AST-062,CSE-018,Database,Core_Network,High,Partially_Monitored,CTRL-DET-02,High,Production,SOC,Active
CSE-018-AST-063,CSE-018,Application,Messaging,Low,Monitored,CTRL-MON-01,Low,Production,Infrastructure,Active
CSE-018-AST-064,CSE-018,Endpoint,Public_Facing,Low,Monitored,CTRL-MON-01,Low,DR,Infrastructure,Active
CSE-018-AST-065,CSE-018,Server,Database,Low,Monitored,CTRL-IR-03,Low,Development,SOC,Active
CSE-018-AST-066,CSE-018,Application,Public_Facing,Critical,Not_Monitored,CTRL-DET-02,Critical,DR,Application,Active
CSE-018-AST-067,CSE-018,Application,Business_App,Low,Monitored,CTRL-ACC-04,Low,DR,Network,Active
CSE-018-AST-068,CSE-018,Database,Operations,Low,Monitored,CTRL-VUL-05,Low,Corporate,Infrastructure,Active
CSE-018-AST-069,CSE-018,Application,Public_Facing,Critical,Partially_Monitored,CTRL-VUL-05,Critical,Corporate,Application,Retired
CSE-018-AST-070,CSE-018,Cloud_Service,Business_App,High,Monitored,CTRL-MON-01,High,Corporate,SOC,Active
CSE-018-AST-071,CSE-018,Server,Identity,Low,Monitored,CTRL-ACC-04,Low,Production,SOC,Active
CSE-018-AST-072,CSE-018,Industrial_System,Operations,Medium,Monitored,CTRL-MON-01,Medium,Production,IT_Operations,Retired
CSE-018-AST-073,CSE-018,Server,Operations,High,Monitored,CTRL-IR-03,High,Development,Network,Active
CSE-018-AST-074,CSE-018,Endpoint,Operations,High,Not_Monitored,CTRL-MON-01,High,Production,Infrastructure,Active
CSE-019-AST-001,CSE-019,Server,Business_App,Low,Monitored,CTRL-ACC-04,Low,Corporate,Network,Active
CSE-019-AST-002,CSE-019,Cloud_Service,Messaging,Medium,Monitored,CTRL-VUL-05,Medium,Corporate,IT_Operations,Active
CSE-019-AST-003,CSE-019,Endpoint,Operations,Medium,Monitored,CTRL-DET-02,Medium,Production,Infrastructure,Active
CSE-019-AST-004,CSE-019,Network_Device,Core_Network,Medium,Monitored,CTRL-DET-02,Medium,Corporate,IT_Operations,Retired
CSE-019-AST-005,CSE-019,Cloud_Service,Public_Facing,Medium,Monitored,CTRL-VUL-05,Medium,Development,Application,Active
CSE-019-AST-006,CSE-019,Database,Industrial_Control,Medium,Monitored,CTRL-VUL-05,Medium,Development,SOC,Active
CSE-019-AST-007,CSE-019,Endpoint,Business_App,Critical,Monitored,CTRL-DET-02,Critical,Development,SOC,Active
CSE-019-AST-008,CSE-019,Application,Database,High,Monitored,CTRL-MON-01,High,Production,Application,Retired
CSE-019-AST-009,CSE-019,Cloud_Service,Database,Medium,Monitored,CTRL-IR-03,Medium,Production,IT_Operations,Active
CSE-019-AST-010,CSE-019,Cloud_Service,Database,Medium,Monitored,CTRL-ACC-04,Medium,Development,Network,Active
CSE-019-AST-011,CSE-019,Endpoint,Business_App,Medium,Monitored,CTRL-MON-01,Medium,Production,SOC,Active
CSE-019-AST-012,CSE-019,Endpoint,Industrial_Control,High,Not_Monitored,CTRL-DET-02,High,Development,Infrastructure,Active
CSE-019-AST-013,CSE-019,Server,Public_Facing,Low,Monitored,CTRL-MON-01,Low,Production,Network,Active
CSE-019-AST-014,CSE-019,Database,Identity,Medium,Partially_Monitored,CTRL-DET-02,Medium,Corporate,IT_Operations,Active
CSE-019-AST-015,CSE-019,Application,Public_Facing,High,Monitored,CTRL-MON-01,High,Production,SOC,Active
CSE-019-AST-016,CSE-019,Network_Device,Operations,Low,Not_Monitored,CTRL-IR-03,Low,DR,Network,Active
CSE-019-AST-017,CSE-019,Application,Public_Facing,Critical,Not_Monitored,CTRL-DET-02,Critical,DR,IT_Operations,Active
CSE-019-AST-018,CSE-019,Endpoint,Database,Low,Monitored,CTRL-ACC-04,Low,Development,SOC,Active
CSE-019-AST-019,CSE-019,Network_Device,Public_Facing,Low,Not_Monitored,CTRL-MON-01,Low,Production,Application,Active
CSE-019-AST-020,CSE-019,Server,Core_Network,Low,Monitored,CTRL-VUL-05,Low,Production,Network,Active
CSE-019-AST-021,CSE-019,Server,Identity,Medium,Not_Monitored,CTRL-VUL-05,Medium,Production,IT_Operations,Active
CSE-019-AST-022,CSE-019,Server,Database,Critical,Partially_Monitored,CTRL-MON-01,Critical,Development,Application,Active
CSE-019-AST-023,CSE-019,Database,Operations,Low,Monitored,CTRL-ACC-04,Low,Production,IT_Operations,Active
CSE-019-AST-024,CSE-019,Network_Device,Messaging,Medium,Not_Monitored,CTRL-MON-01,Medium,Corporate,Application,Active
CSE-019-AST-025,CSE-019,Cloud_Service,Public_Facing,High,Partially_Monitored,CTRL-MON-01,High,Production,Network,Active
CSE-019-AST-026,CSE-019,Server,Operations,Low,Monitored,CTRL-VUL-05,Low,Development,Network,Active
CSE-019-AST-027,CSE-019,Database,Industrial_Control,Low,Partially_Monitored,CTRL-DET-02,Low,Development,IT_Operations,Active
CSE-019-AST-028,CSE-019,Industrial_System,Identity,Critical,Monitored,CTRL-ACC-04,Critical,DR,Network,Active
CSE-019-AST-029,CSE-019,Endpoint,Public_Facing,Low,Monitored,CTRL-VUL-05,Low,Corporate,Application,Active
CSE-019-AST-030,CSE-019,Network_Device,Core_Network,Medium,Monitored,CTRL-ACC-04,Medium,Development,SOC,Active
CSE-019-AST-031,CSE-019,Database,Database,Low,Monitored,CTRL-VUL-05,Low,Development,Network,Active
CSE-019-AST-032,CSE-019,Application,Messaging,Low,Partially_Monitored,CTRL-DET-02,Low,Production,Network,Active
CSE-019-AST-033,CSE-019,Industrial_System,Operations,Low,Monitored,CTRL-IR-03,Low,DR,SOC,Active
CSE-019-AST-034,CSE-019,Server,Business_App,Low,Monitored,CTRL-DET-02,Low,DR,Application,Active
CSE-019-AST-035,CSE-019,Cloud_Service,Operations,High,Monitored,CTRL-IR-03,High,Production,Network,Active
CSE-019-AST-036,CSE-019,Database,Identity,High,Not_Monitored,CTRL-VUL-05,High,Development,IT_Operations,Active
CSE-019-AST-037,CSE-019,Cloud_Service,Industrial_Control,Critical,Partially_Monitored,CTRL-MON-01,Critical,DR,IT_Operations,Active
CSE-019-AST-038,CSE-019,Industrial_System,Core_Network,Low,Partially_Monitored,CTRL-ACC-04,Low,Corporate,SOC,Active
CSE-019-AST-039,CSE-019,Endpoint,Core_Network,Low,Monitored,CTRL-ACC-04,Low,Production,Application,Active
CSE-019-AST-040,CSE-019,Endpoint,Business_App,Critical,Monitored,CTRL-ACC-04,Critical,Production,Application,Active
CSE-019-AST-041,CSE-019,Cloud_Service,Operations,Medium,Not_Monitored,CTRL-ACC-04,Medium,Development,Application,Retired
CSE-019-AST-042,CSE-019,Database,Messaging,Low,Not_Monitored,CTRL-ACC-04,Low,Development,Infrastructure,Active
CSE-019-AST-043,CSE-019,Network_Device,Identity,Low,Monitored,CTRL-VUL-05,Low,Corporate,Application,Active
CSE-019-AST-044,CSE-019,Application,Operations,High,Monitored,CTRL-DET-02,High,Development,IT_Operations,Active
CSE-019-AST-045,CSE-019,Server,Messaging,High,Monitored,CTRL-IR-03,High,Production,Infrastructure,Active
CSE-019-AST-046,CSE-019,Database,Identity,High,Partially_Monitored,CTRL-VUL-05,High,DR,Infrastructure,Active
CSE-019-AST-047,CSE-019,Industrial_System,Operations,Critical,Monitored,CTRL-ACC-04,Critical,DR,Application,Active
CSE-019-AST-048,CSE-019,Network_Device,Industrial_Control,Medium,Monitored,CTRL-IR-03,Medium,Development,SOC,Active
CSE-019-AST-049,CSE-019,Endpoint,Core_Network,Low,Monitored,CTRL-MON-01,Low,Corporate,IT_Operations,Active
CSE-019-AST-050,CSE-019,Cloud_Service,Identity,Low,Monitored,CTRL-DET-02,Low,DR,SOC,Active
CSE-019-AST-051,CSE-019,Server,Messaging,High,Monitored,CTRL-IR-03,High,Production,Network,Active
CSE-019-AST-052,CSE-019,Server,Industrial_Control,Medium,Monitored,CTRL-IR-03,Medium,Production,SOC,Active
CSE-019-AST-053,CSE-019,Database,Core_Network,Medium,Not_Monitored,CTRL-DET-02,Medium,Corporate,Application,Active
CSE-019-AST-054,CSE-019,Database,Identity,Medium,Monitored,CTRL-ACC-04,Medium,Corporate,SOC,Retired
CSE-019-AST-055,CSE-019,Server,Messaging,Medium,Not_Monitored,CTRL-IR-03,Medium,Development,Application,Active
CSE-019-AST-056,CSE-019,Application,Operations,High,Partially_Monitored,CTRL-VUL-05,High,Production,IT_Operations,Active
CSE-019-AST-057,CSE-019,Industrial_System,Industrial_Control,High,Monitored,CTRL-VUL-05,High,Development,IT_Operations,Active
CSE-019-AST-058,CSE-019,Network_Device,Public_Facing,Medium,Monitored,CTRL-MON-01,Medium,DR,SOC,Retired
CSE-019-AST-059,CSE-019,Application,Identity,Medium,Monitored,CTRL-MON-01,Medium,DR,Network,Active
CSE-019-AST-060,CSE-019,Server,Database,Low,Partially_Monitored,CTRL-MON-01,Low,Production,SOC,Retired
CSE-019-AST-061,CSE-019,Application,Identity,Low,Not_Monitored,CTRL-IR-03,Low,Corporate,SOC,Active
CSE-019-AST-062,CSE-019,Industrial_System,Messaging,Low,Monitored,CTRL-MON-01,Low,Corporate,Network,Retired
CSE-019-AST-063,CSE-019,Endpoint,Database,Medium,Monitored,CTRL-VUL-05,Medium,Corporate,Network,Active
CSE-019-AST-064,CSE-019,Industrial_System,Identity,High,Monitored,CTRL-ACC-04,High,Corporate,IT_Operations,Active
CSE-019-AST-065,CSE-019,Network_Device,Industrial_Control,Critical,Monitored,CTRL-MON-01,Critical,Development,Infrastructure,Active
CSE-019-AST-066,CSE-019,Industrial_System,Public_Facing,Medium,Partially_Monitored,CTRL-IR-03,Medium,Production,Network,Retired
CSE-019-AST-067,CSE-019,Application,Database,Medium,Monitored,CTRL-DET-02,Medium,DR,SOC,Active
CSE-019-AST-068,CSE-019,Application,Business_App,Medium,Monitored,CTRL-IR-03,Medium,Development,SOC,Active
CSE-019-AST-069,CSE-019,Server,Core_Network,Medium,Monitored,CTRL-MON-01,Medium,DR,SOC,Active
CSE-019-AST-070,CSE-019,Database,Database,Critical,Monitored,CTRL-IR-03,Critical,DR,Infrastructure,Active
CSE-019-AST-071,CSE-019,Database,Industrial_Control,Low,Monitored,CTRL-ACC-04,Low,Corporate,Application,Retired
CSE-019-AST-072,CSE-019,Cloud_Service,Business_App,High,Monitored,CTRL-VUL-05,High,DR,Application,Active
CSE-019-AST-073,CSE-019,Network_Device,Core_Network,Medium,Not_Monitored,CTRL-ACC-04,Medium,DR,IT_Operations,Active
CSE-019-AST-074,CSE-019,Database,Operations,Low,Partially_Monitored,CTRL-IR-03,Low,Production,Application,Active
CSE-019-AST-075,CSE-019,Cloud_Service,Database,High,Not_Monitored,CTRL-MON-01,High,DR,IT_Operations,Active
CSE-019-AST-076,CSE-019,Cloud_Service,Business_App,Medium,Monitored,CTRL-IR-03,Medium,Production,IT_Operations,Retired
CSE-019-AST-077,CSE-019,Endpoint,Identity,Low,Not_Monitored,CTRL-DET-02,Low,DR,IT_Operations,Active
CSE-019-AST-078,CSE-019,Network_Device,Public_Facing,Medium,Monitored,CTRL-VUL-05,Medium,Production,Infrastructure,Active
CSE-019-AST-079,CSE-019,Application,Database,Medium,Monitored,CTRL-MON-01,Medium,Production,Network,Active
CSE-019-AST-080,CSE-019,Application,Public_Facing,Critical,Monitored,CTRL-MON-01,Critical,Production,Application,Active
CSE-019-AST-081,CSE-019,Application,Public_Facing,Medium,Partially_Monitored,CTRL-VUL-05,Medium,Production,IT_Operations,Active
CSE-019-AST-082,CSE-019,Network_Device,Business_App,Medium,Monitored,CTRL-ACC-04,Medium,Production,Application,Active
CSE-019-AST-083,CSE-019,Cloud_Service,Database,Low,Monitored,CTRL-VUL-05,Low,Production,Network,Active
CSE-019-AST-084,CSE-019,Server,Business_App,Low,Monitored,CTRL-VUL-05,Low,Development,Application,Active
CSE-020-AST-001,CSE-020,Network_Device,Core_Network,Medium,Monitored,CTRL-ACC-04,Medium,Corporate,IT_Operations,Active
CSE-020-AST-002,CSE-020,Database,Business_App,Medium,Monitored,CTRL-IR-03,Medium,Corporate,IT_Operations,Active
CSE-020-AST-003,CSE-020,Cloud_Service,Messaging,Medium,Monitored,CTRL-ACC-04,Medium,Development,Network,Active
CSE-020-AST-004,CSE-020,Server,Business_App,Medium,Monitored,CTRL-VUL-05,Medium,Corporate,Application,Active
CSE-020-AST-005,CSE-020,Cloud_Service,Operations,Low,Not_Monitored,CTRL-MON-01,Low,Corporate,IT_Operations,Active
CSE-020-AST-006,CSE-020,Application,Operations,Medium,Monitored,CTRL-DET-02,Medium,Development,IT_Operations,Active
CSE-020-AST-007,CSE-020,Cloud_Service,Business_App,Low,Not_Monitored,CTRL-MON-01,Low,Corporate,SOC,Active
CSE-020-AST-008,CSE-020,Industrial_System,Messaging,Low,Partially_Monitored,CTRL-DET-02,Low,Development,IT_Operations,Active
CSE-020-AST-009,CSE-020,Database,Operations,High,Not_Monitored,CTRL-MON-01,High,Corporate,Application,Active
CSE-020-AST-010,CSE-020,Network_Device,Database,Low,Partially_Monitored,CTRL-DET-02,Low,DR,Infrastructure,Active
CSE-020-AST-011,CSE-020,Industrial_System,Industrial_Control,Low,Monitored,CTRL-ACC-04,Low,DR,Application,Active
CSE-020-AST-012,CSE-020,Cloud_Service,Operations,Medium,Not_Monitored,CTRL-DET-02,Medium,Development,Network,Active
CSE-020-AST-013,CSE-020,Database,Messaging,High,Monitored,CTRL-DET-02,High,Corporate,SOC,Active
CSE-020-AST-014,CSE-020,Application,Industrial_Control,Medium,Partially_Monitored,CTRL-IR-03,Medium,Production,IT_Operations,Active
CSE-020-AST-015,CSE-020,Application,Industrial_Control,Critical,Monitored,CTRL-IR-03,Critical,Production,IT_Operations,Active
CSE-020-AST-016,CSE-020,Database,Business_App,High,Partially_Monitored,CTRL-ACC-04,High,Corporate,Network,Active
CSE-020-AST-017,CSE-020,Server,Identity,Medium,Not_Monitored,CTRL-DET-02,Medium,Corporate,Network,Active
CSE-020-AST-018,CSE-020,Database,Identity,Medium,Monitored,CTRL-IR-03,Medium,DR,Application,Retired
CSE-020-AST-019,CSE-020,Server,Industrial_Control,Medium,Not_Monitored,CTRL-VUL-05,Medium,DR,Infrastructure,Active
CSE-020-AST-020,CSE-020,Endpoint,Identity,Low,Partially_Monitored,CTRL-IR-03,Low,Production,SOC,Active
CSE-020-AST-021,CSE-020,Cloud_Service,Messaging,Low,Monitored,CTRL-VUL-05,Low,Production,Network,Active
CSE-020-AST-022,CSE-020,Application,Core_Network,Low,Monitored,CTRL-DET-02,Low,Corporate,SOC,Active
CSE-020-AST-023,CSE-020,Network_Device,Operations,Medium,Partially_Monitored,CTRL-DET-02,Medium,Production,Application,Active
CSE-020-AST-024,CSE-020,Database,Messaging,Low,Not_Monitored,CTRL-DET-02,Low,Corporate,Infrastructure,Active
CSE-020-AST-025,CSE-020,Database,Database,Medium,Monitored,CTRL-MON-01,Medium,Development,Application,Active
CSE-020-AST-026,CSE-020,Cloud_Service,Core_Network,Medium,Monitored,CTRL-DET-02,Medium,Corporate,Application,Active
CSE-020-AST-027,CSE-020,Database,Public_Facing,Medium,Monitored,CTRL-ACC-04,Medium,DR,IT_Operations,Active
CSE-020-AST-028,CSE-020,Cloud_Service,Industrial_Control,Low,Monitored,CTRL-MON-01,Low,Development,Application,Active
CSE-020-AST-029,CSE-020,Cloud_Service,Database,High,Monitored,CTRL-IR-03,High,Corporate,Infrastructure,Retired
CSE-020-AST-030,CSE-020,Industrial_System,Public_Facing,Low,Not_Monitored,CTRL-VUL-05,Low,Development,Network,Active
CSE-020-AST-031,CSE-020,Server,Messaging,Medium,Monitored,CTRL-ACC-04,Medium,Corporate,IT_Operations,Active
CSE-020-AST-032,CSE-020,Cloud_Service,Identity,Critical,Monitored,CTRL-IR-03,Critical,Production,Application,Active
CSE-020-AST-033,CSE-020,Application,Database,Low,Partially_Monitored,CTRL-ACC-04,Low,DR,Infrastructure,Active
CSE-020-AST-034,CSE-020,Application,Database,Medium,Partially_Monitored,CTRL-DET-02,Medium,DR,Infrastructure,Active
CSE-020-AST-035,CSE-020,Application,Identity,Low,Partially_Monitored,CTRL-DET-02,Low,Production,SOC,Active
CSE-020-AST-036,CSE-020,Server,Database,High,Monitored,CTRL-ACC-04,High,Corporate,Infrastructure,Active
CSE-020-AST-037,CSE-020,Database,Public_Facing,Medium,Monitored,CTRL-MON-01,Medium,Production,Application,Active
CSE-020-AST-038,CSE-020,Industrial_System,Business_App,High,Monitored,CTRL-VUL-05,High,Production,IT_Operations,Active
CSE-020-AST-039,CSE-020,Application,Messaging,Medium,Monitored,CTRL-DET-02,Medium,Development,Application,Active
CSE-020-AST-040,CSE-020,Endpoint,Industrial_Control,Low,Monitored,CTRL-ACC-04,Low,Development,SOC,Active
CSE-020-AST-041,CSE-020,Network_Device,Database,Critical,Monitored,CTRL-VUL-05,Critical,Development,SOC,Active
CSE-020-AST-042,CSE-020,Cloud_Service,Database,Low,Monitored,CTRL-IR-03,Low,DR,Network,Active
CSE-020-AST-043,CSE-020,Industrial_System,Operations,Critical,Monitored,CTRL-MON-01,Critical,Corporate,Application,Active
CSE-020-AST-044,CSE-020,Database,Industrial_Control,Low,Not_Monitored,CTRL-VUL-05,Low,Production,SOC,Active
CSE-020-AST-045,CSE-020,Database,Industrial_Control,High,Partially_Monitored,CTRL-IR-03,High,DR,Network,Active
CSE-020-AST-046,CSE-020,Cloud_Service,Identity,Medium,Monitored,CTRL-DET-02,Medium,Corporate,IT_Operations,Active
CSE-020-AST-047,CSE-020,Endpoint,Core_Network,Medium,Monitored,CTRL-VUL-05,Medium,Development,Network,Active
CSE-020-AST-048,CSE-020,Endpoint,Industrial_Control,Medium,Monitored,CTRL-ACC-04,Medium,DR,IT_Operations,Active
CSE-020-AST-049,CSE-020,Database,Operations,Low,Monitored,CTRL-MON-01,Low,Production,SOC,Active
CSE-020-AST-050,CSE-020,Network_Device,Industrial_Control,Medium,Monitored,CTRL-MON-01,Medium,Development,IT_Operations,Active
CSE-020-AST-051,CSE-020,Server,Messaging,Medium,Not_Monitored,CTRL-ACC-04,Medium,Production,Infrastructure,Active
CSE-020-AST-052,CSE-020,Endpoint,Messaging,Low,Partially_Monitored,CTRL-DET-02,Low,Production,Infrastructure,Active
CSE-020-AST-053,CSE-020,Database,Industrial_Control,Medium,Monitored,CTRL-IR-03,Medium,Production,Network,Active
CSE-020-AST-054,CSE-020,Application,Public_Facing,Medium,Monitored,CTRL-DET-02,Medium,DR,Application,Active
CSE-020-AST-055,CSE-020,Network_Device,Messaging,Medium,Not_Monitored,CTRL-ACC-04,Medium,Development,Network,Active
CSE-020-AST-056,CSE-020,Cloud_Service,Business_App,High,Monitored,CTRL-IR-03,High,DR,SOC,Active
CSE-020-AST-057,CSE-020,Cloud_Service,Database,Medium,Partially_Monitored,CTRL-VUL-05,Medium,DR,Application,Active
CSE-020-AST-058,CSE-020,Server,Industrial_Control,Low,Monitored,CTRL-MON-01,Low,Corporate,Infrastructure,Active
CSE-020-AST-059,CSE-020,Database,Operations,Medium,Monitored,CTRL-DET-02,Medium,Corporate,Infrastructure,Retired
CSE-020-AST-060,CSE-020,Database,Industrial_Control,High,Monitored,CTRL-DET-02,High,DR,Network,Active
CSE-020-AST-061,CSE-020,Database,Business_App,Medium,Monitored,CTRL-IR-03,Medium,DR,Infrastructure,Retired
CSE-020-AST-062,CSE-020,Network_Device,Identity,Low,Monitored,CTRL-IR-03,Low,DR,SOC,Active
CSE-021-AST-001,CSE-021,Endpoint,Operations,High,Monitored,CTRL-IR-03,High,DR,Infrastructure,Active
CSE-021-AST-002,CSE-021,Network_Device,Core_Network,Low,Monitored,CTRL-VUL-05,Low,Production,IT_Operations,Active
CSE-021-AST-003,CSE-021,Endpoint,Business_App,Medium,Partially_Monitored,CTRL-IR-03,Medium,Production,SOC,Active
CSE-021-AST-004,CSE-021,Network_Device,Messaging,Medium,Monitored,CTRL-IR-03,Medium,Production,SOC,Active
CSE-021-AST-005,CSE-021,Endpoint,Public_Facing,Medium,Not_Monitored,CTRL-DET-02,Medium,Production,SOC,Active
CSE-021-AST-006,CSE-021,Industrial_System,Messaging,Critical,Monitored,CTRL-MON-01,Critical,DR,Network,Active
CSE-021-AST-007,CSE-021,Database,Messaging,High,Not_Monitored,CTRL-VUL-05,High,Production,Infrastructure,Active
CSE-021-AST-008,CSE-021,Network_Device,Industrial_Control,Low,Monitored,CTRL-ACC-04,Low,Corporate,SOC,Active
CSE-021-AST-009,CSE-021,Application,Industrial_Control,High,Monitored,CTRL-MON-01,High,Production,IT_Operations,Active
CSE-021-AST-010,CSE-021,Cloud_Service,Business_App,Medium,Partially_Monitored,CTRL-VUL-05,Medium,Corporate,IT_Operations,Active
CSE-021-AST-011,CSE-021,Application,Industrial_Control,High,Monitored,CTRL-MON-01,High,Development,IT_Operations,Retired
CSE-021-AST-012,CSE-021,Server,Operations,Medium,Monitored,CTRL-MON-01,Medium,DR,IT_Operations,Active
CSE-021-AST-013,CSE-021,Endpoint,Industrial_Control,Low,Monitored,CTRL-ACC-04,Low,Development,SOC,Retired
CSE-021-AST-014,CSE-021,Endpoint,Identity,Low,Not_Monitored,CTRL-VUL-05,Low,Development,Network,Active
CSE-021-AST-015,CSE-021,Industrial_System,Operations,Medium,Monitored,CTRL-ACC-04,Medium,Production,Network,Active
CSE-021-AST-016,CSE-021,Industrial_System,Messaging,Medium,Monitored,CTRL-MON-01,Medium,Production,Network,Active
CSE-021-AST-017,CSE-021,Database,Business_App,High,Monitored,CTRL-DET-02,High,Development,Application,Retired
CSE-021-AST-018,CSE-021,Database,Operations,Medium,Monitored,CTRL-ACC-04,Medium,DR,Network,Active
CSE-021-AST-019,CSE-021,Cloud_Service,Business_App,Low,Not_Monitored,CTRL-ACC-04,Low,Development,Application,Active
CSE-021-AST-020,CSE-021,Industrial_System,Identity,Low,Monitored,CTRL-VUL-05,Low,DR,Network,Active
CSE-021-AST-021,CSE-021,Network_Device,Core_Network,Medium,Monitored,CTRL-MON-01,Medium,Production,Network,Active
CSE-021-AST-022,CSE-021,Server,Core_Network,Low,Not_Monitored,CTRL-MON-01,Low,Corporate,IT_Operations,Active
CSE-021-AST-023,CSE-021,Database,Database,Medium,Monitored,CTRL-IR-03,Medium,Corporate,IT_Operations,Active
CSE-021-AST-024,CSE-021,Endpoint,Identity,Medium,Monitored,CTRL-VUL-05,Medium,Production,Network,Active
CSE-021-AST-025,CSE-021,Database,Identity,High,Monitored,CTRL-MON-01,High,Corporate,SOC,Retired
CSE-021-AST-026,CSE-021,Cloud_Service,Identity,Low,Partially_Monitored,CTRL-MON-01,Low,Development,Network,Retired
CSE-021-AST-027,CSE-021,Database,Business_App,Low,Monitored,CTRL-IR-03,Low,Development,Infrastructure,Active
CSE-021-AST-028,CSE-021,Endpoint,Public_Facing,Medium,Not_Monitored,CTRL-IR-03,Medium,Production,Infrastructure,Active
CSE-021-AST-029,CSE-021,Industrial_System,Database,Medium,Partially_Monitored,CTRL-IR-03,Medium,DR,SOC,Active
CSE-021-AST-030,CSE-021,Endpoint,Database,Low,Monitored,CTRL-ACC-04,Low,DR,Network,Active
CSE-021-AST-031,CSE-021,Cloud_Service,Identity,Medium,Monitored,CTRL-ACC-04,Medium,DR,IT_Operations,Active
CSE-021-AST-032,CSE-021,Database,Operations,Low,Not_Monitored,CTRL-IR-03,Low,DR,IT_Operations,Active
CSE-021-AST-033,CSE-021,Network_Device,Database,Low,Monitored,CTRL-IR-03,Low,Corporate,Infrastructure,Active
CSE-021-AST-034,CSE-021,Server,Industrial_Control,Medium,Monitored,CTRL-IR-03,Medium,Development,IT_Operations,Active
CSE-021-AST-035,CSE-021,Network_Device,Business_App,Critical,Monitored,CTRL-IR-03,Critical,Production,IT_Operations,Active
CSE-021-AST-036,CSE-021,Industrial_System,Database,Medium,Monitored,CTRL-DET-02,Medium,DR,SOC,Active
CSE-021-AST-037,CSE-021,Cloud_Service,Messaging,High,Monitored,CTRL-IR-03,High,Production,Infrastructure,Active
CSE-021-AST-038,CSE-021,Application,Business_App,Low,Partially_Monitored,CTRL-ACC-04,Low,Development,IT_Operations,Active
CSE-021-AST-039,CSE-021,Database,Public_Facing,Low,Not_Monitored,CTRL-MON-01,Low,Production,Infrastructure,Active
CSE-021-AST-040,CSE-021,Network_Device,Database,Low,Monitored,CTRL-MON-01,Low,Development,SOC,Active
CSE-021-AST-041,CSE-021,Application,Industrial_Control,Low,Partially_Monitored,CTRL-DET-02,Low,DR,SOC,Active
CSE-021-AST-042,CSE-021,Industrial_System,Core_Network,High,Not_Monitored,CTRL-IR-03,High,Corporate,Application,Active
CSE-021-AST-043,CSE-021,Cloud_Service,Business_App,High,Monitored,CTRL-MON-01,High,Development,Network,Retired
CSE-021-AST-044,CSE-021,Network_Device,Industrial_Control,Low,Monitored,CTRL-ACC-04,Low,Production,IT_Operations,Active
CSE-021-AST-045,CSE-021,Server,Core_Network,Low,Partially_Monitored,CTRL-IR-03,Low,Production,Network,Retired
CSE-021-AST-046,CSE-021,Server,Identity,Medium,Monitored,CTRL-IR-03,Medium,DR,Infrastructure,Retired
CSE-021-AST-047,CSE-021,Industrial_System,Database,Low,Monitored,CTRL-DET-02,Low,Production,Network,Active
CSE-021-AST-048,CSE-021,Cloud_Service,Identity,Medium,Not_Monitored,CTRL-ACC-04,Medium,Corporate,IT_Operations,Active
CSE-021-AST-049,CSE-021,Cloud_Service,Operations,Low,Monitored,CTRL-ACC-04,Low,Development,IT_Operations,Active
CSE-021-AST-050,CSE-021,Network_Device,Business_App,Low,Monitored,CTRL-VUL-05,Low,Corporate,Network,Active
CSE-021-AST-051,CSE-021,Industrial_System,Public_Facing,Low,Partially_Monitored,CTRL-ACC-04,Low,Corporate,SOC,Active
CSE-021-AST-052,CSE-021,Application,Core_Network,Medium,Monitored,CTRL-MON-01,Medium,Corporate,IT_Operations,Retired
CSE-021-AST-053,CSE-021,Application,Industrial_Control,Low,Not_Monitored,CTRL-VUL-05,Low,DR,Infrastructure,Retired
CSE-021-AST-054,CSE-021,Network_Device,Public_Facing,High,Monitored,CTRL-ACC-04,High,Development,Application,Retired
CSE-021-AST-055,CSE-021,Database,Public_Facing,High,Monitored,CTRL-VUL-05,High,Production,IT_Operations,Active
CSE-021-AST-056,CSE-021,Cloud_Service,Database,Medium,Partially_Monitored,CTRL-DET-02,Medium,Corporate,IT_Operations,Active
CSE-021-AST-057,CSE-021,Database,Public_Facing,Critical,Monitored,CTRL-VUL-05,Critical,DR,SOC,Active
CSE-021-AST-058,CSE-021,Industrial_System,Operations,Low,Not_Monitored,CTRL-IR-03,Low,Production,SOC,Retired
CSE-021-AST-059,CSE-021,Server,Business_App,Low,Monitored,CTRL-ACC-04,Low,Production,Network,Retired
CSE-021-AST-060,CSE-021,Cloud_Service,Public_Facing,Low,Monitored,CTRL-DET-02,Low,Corporate,Application,Active
CSE-021-AST-061,CSE-021,Network_Device,Public_Facing,Low,Partially_Monitored,CTRL-DET-02,Low,Development,Network,Retired
CSE-021-AST-062,CSE-021,Server,Identity,Low,Monitored,CTRL-MON-01,Low,Development,IT_Operations,Active
CSE-021-AST-063,CSE-021,Database,Database,High,Monitored,CTRL-IR-03,High,DR,Application,Active
CSE-021-AST-064,CSE-021,Network_Device,Business_App,High,Monitored,CTRL-IR-03,High,Production,Infrastructure,Active
CSE-021-AST-065,CSE-021,Cloud_Service,Core_Network,High,Not_Monitored,CTRL-MON-01,High,DR,IT_Operations,Active
CSE-021-AST-066,CSE-021,Endpoint,Industrial_Control,Medium,Partially_Monitored,CTRL-ACC-04,Medium,DR,Infrastructure,Active
CSE-021-AST-067,CSE-021,Server,Public_Facing,Low,Partially_Monitored,CTRL-MON-01,Low,Development,SOC,Active
CSE-021-AST-068,CSE-021,Cloud_Service,Messaging,Medium,Partially_Monitored,CTRL-VUL-05,Medium,Production,IT_Operations,Active
CSE-021-AST-069,CSE-021,Industrial_System,Public_Facing,High,Partially_Monitored,CTRL-DET-02,High,Development,SOC,Active
CSE-021-AST-070,CSE-021,Industrial_System,Operations,Low,Monitored,CTRL-IR-03,Low,DR,Infrastructure,Active
CSE-021-AST-071,CSE-021,Database,Industrial_Control,High,Monitored,CTRL-ACC-04,High,Corporate,Network,Active
CSE-021-AST-072,CSE-021,Cloud_Service,Operations,Medium,Partially_Monitored,CTRL-MON-01,Medium,DR,SOC,Active
CSE-021-AST-073,CSE-021,Database,Messaging,Low,Monitored,CTRL-DET-02,Low,Development,Application,Active
CSE-021-AST-074,CSE-021,Network_Device,Messaging,Low,Monitored,CTRL-VUL-05,Low,Development,IT_Operations,Active
CSE-021-AST-075,CSE-021,Database,Database,High,Partially_Monitored,CTRL-ACC-04,High,Development,SOC,Active
CSE-021-AST-076,CSE-021,Application,Business_App,Medium,Monitored,CTRL-DET-02,Medium,Development,Application,Active
CSE-021-AST-077,CSE-021,Endpoint,Messaging,Low,Monitored,CTRL-IR-03,Low,DR,Application,Active
CSE-021-AST-078,CSE-021,Endpoint,Messaging,Medium,Partially_Monitored,CTRL-MON-01,Medium,DR,Network,Active
CSE-021-AST-079,CSE-021,Database,Public_Facing,Critical,Monitored,CTRL-MON-01,Critical,Development,IT_Operations,Active
CSE-021-AST-080,CSE-021,Database,Operations,High,Not_Monitored,CTRL-ACC-04,High,Production,Infrastructure,Active
CSE-021-AST-081,CSE-021,Cloud_Service,Messaging,Low,Monitored,CTRL-MON-01,Low,Corporate,SOC,Active
CSE-021-AST-082,CSE-021,Cloud_Service,Messaging,Medium,Monitored,CTRL-IR-03,Medium,Production,Network,Active
CSE-021-AST-083,CSE-021,Server,Industrial_Control,Low,Partially_Monitored,CTRL-VUL-05,Low,DR,Application,Active
CSE-021-AST-084,CSE-021,Endpoint,Business_App,Low,Not_Monitored,CTRL-MON-01,Low,Production,SOC,Active
CSE-021-AST-085,CSE-021,Network_Device,Messaging,Medium,Monitored,CTRL-MON-01,Medium,DR,Infrastructure,Active
CSE-021-AST-086,CSE-021,Application,Operations,High,Not_Monitored,CTRL-VUL-05,High,Corporate,IT_Operations,Active
CSE-021-AST-087,CSE-021,Endpoint,Operations,Low,Partially_Monitored,CTRL-VUL-05,Low,Production,Application,Active
CSE-021-AST-088,CSE-021,Network_Device,Business_App,Low,Monitored,CTRL-ACC-04,Low,Production,IT_Operations,Active
CSE-021-AST-089,CSE-021,Endpoint,Business_App,Medium,Monitored,CTRL-IR-03,Medium,DR,IT_Operations,Active
CSE-021-AST-090,CSE-021,Server,Industrial_Control,High,Monitored,CTRL-VUL-05,High,Development,Network,Active
CSE-021-AST-091,CSE-021,Server,Public_Facing,High,Not_Monitored,CTRL-MON-01,High,DR,Application,Active
CSE-021-AST-092,CSE-021,Database,Identity,Low,Monitored,CTRL-MON-01,Low,Production,IT_Operations,Active
CSE-021-AST-093,CSE-021,Network_Device,Messaging,High,Not_Monitored,CTRL-VUL-05,High,Production,IT_Operations,Active
CSE-021-AST-094,CSE-021,Database,Public_Facing,Medium,Not_Monitored,CTRL-MON-01,Medium,Production,Infrastructure,Active
CSE-021-AST-095,CSE-021,Application,Database,Low,Monitored,CTRL-DET-02,Low,DR,Network,Active
CSE-021-AST-096,CSE-021,Network_Device,Industrial_Control,Low,Monitored,CTRL-DET-02,Low,DR,IT_Operations,Active
CSE-021-AST-097,CSE-021,Database,Industrial_Control,Medium,Monitored,CTRL-MON-01,Medium,Development,Infrastructure,Active
CSE-021-AST-098,CSE-021,Database,Public_Facing,High,Monitored,CTRL-DET-02,High,Corporate,Network,Active
CSE-021-AST-099,CSE-021,Endpoint,Public_Facing,Low,Partially_Monitored,CTRL-MON-01,Low,Production,Application,Active
CSE-021-AST-100,CSE-021,Network_Device,Database,High,Monitored,CTRL-ACC-04,High,Corporate,IT_Operations,Active
CSE-021-AST-101,CSE-021,Network_Device,Core_Network,Low,Partially_Monitored,CTRL-ACC-04,Low,DR,Application,Active
CSE-021-AST-102,CSE-021,Application,Business_App,Medium,Partially_Monitored,CTRL-MON-01,Medium,Development,IT_Operations,Active
CSE-021-AST-103,CSE-021,Endpoint,Public_Facing,Low,Monitored,CTRL-IR-03,Low,Development,Infrastructure,Active
CSE-021-AST-104,CSE-021,Server,Core_Network,High,Monitored,CTRL-VUL-05,High,DR,SOC,Active
CSE-021-AST-105,CSE-021,Network_Device,Core_Network,Medium,Monitored,CTRL-MON-01,Medium,Production,Application,Active
CSE-021-AST-106,CSE-021,Industrial_System,Core_Network,Medium,Partially_Monitored,CTRL-ACC-04,Medium,DR,Application,Active
CSE-021-AST-107,CSE-021,Industrial_System,Database,Medium,Monitored,CTRL-IR-03,Medium,DR,SOC,Active
CSE-021-AST-108,CSE-021,Network_Device,Core_Network,Medium,Monitored,CTRL-ACC-04,Medium,Development,Infrastructure,Active
CSE-021-AST-109,CSE-021,Server,Industrial_Control,Low,Monitored,CTRL-IR-03,Low,Development,Infrastructure,Active
CSE-021-AST-110,CSE-021,Database,Business_App,Medium,Monitored,CTRL-DET-02,Medium,DR,IT_Operations,Active
CSE-021-AST-111,CSE-021,Industrial_System,Public_Facing,Medium,Not_Monitored,CTRL-ACC-04,Medium,Corporate,Network,Active
CSE-021-AST-112,CSE-021,Database,Core_Network,Critical,Monitored,CTRL-IR-03,Critical,Production,Infrastructure,Active
CSE-022-AST-001,CSE-022,Industrial_System,Identity,Low,Monitored,CTRL-DET-02,Low,Development,Network,Active
CSE-022-AST-002,CSE-022,Cloud_Service,Database,Low,Partially_Monitored,CTRL-MON-01,Low,DR,Network,Active
CSE-022-AST-003,CSE-022,Database,Public_Facing,High,Monitored,CTRL-IR-03,High,Development,Network,Active
CSE-022-AST-004,CSE-022,Network_Device,Core_Network,Medium,Monitored,CTRL-VUL-05,Medium,DR,Network,Active
CSE-022-AST-005,CSE-022,Network_Device,Core_Network,Medium,Not_Monitored,CTRL-DET-02,Medium,Development,Infrastructure,Active
CSE-022-AST-006,CSE-022,Database,Identity,High,Monitored,CTRL-DET-02,High,Corporate,Application,Active
CSE-022-AST-007,CSE-022,Server,Database,High,Monitored,CTRL-IR-03,High,DR,Network,Active
CSE-022-AST-008,CSE-022,Database,Public_Facing,Low,Partially_Monitored,CTRL-VUL-05,Low,DR,Application,Active
CSE-022-AST-009,CSE-022,Application,Database,High,Monitored,CTRL-ACC-04,High,Production,IT_Operations,Active
CSE-022-AST-010,CSE-022,Network_Device,Public_Facing,Medium,Partially_Monitored,CTRL-VUL-05,Medium,Development,SOC,Active
CSE-022-AST-011,CSE-022,Application,Operations,Low,Monitored,CTRL-DET-02,Low,Development,Infrastructure,Active
CSE-022-AST-012,CSE-022,Endpoint,Industrial_Control,Critical,Not_Monitored,CTRL-ACC-04,Critical,Development,Infrastructure,Active
CSE-022-AST-013,CSE-022,Database,Database,Low,Monitored,CTRL-MON-01,Low,DR,Network,Active
CSE-022-AST-014,CSE-022,Server,Operations,High,Monitored,CTRL-ACC-04,High,Corporate,SOC,Active
CSE-022-AST-015,CSE-022,Industrial_System,Core_Network,Medium,Not_Monitored,CTRL-MON-01,Medium,Production,Network,Active
CSE-022-AST-016,CSE-022,Endpoint,Identity,Low,Not_Monitored,CTRL-VUL-05,Low,Development,IT_Operations,Active
CSE-022-AST-017,CSE-022,Server,Operations,Critical,Monitored,CTRL-DET-02,Critical,Corporate,Infrastructure,Active
CSE-022-AST-018,CSE-022,Cloud_Service,Industrial_Control,High,Not_Monitored,CTRL-VUL-05,High,Corporate,Network,Active
CSE-022-AST-019,CSE-022,Server,Business_App,Medium,Partially_Monitored,CTRL-MON-01,Medium,Production,Application,Active
CSE-022-AST-020,CSE-022,Industrial_System,Operations,High,Monitored,CTRL-DET-02,High,DR,Network,Active
CSE-022-AST-021,CSE-022,Application,Operations,Low,Monitored,CTRL-DET-02,Low,Production,Network,Retired
CSE-022-AST-022,CSE-022,Industrial_System,Business_App,Medium,Partially_Monitored,CTRL-ACC-04,Medium,Production,IT_Operations,Active
CSE-022-AST-023,CSE-022,Endpoint,Public_Facing,Medium,Not_Monitored,CTRL-VUL-05,Medium,Corporate,Network,Active
CSE-022-AST-024,CSE-022,Endpoint,Core_Network,Low,Partially_Monitored,CTRL-DET-02,Low,Development,Infrastructure,Retired
CSE-022-AST-025,CSE-022,Server,Identity,Medium,Not_Monitored,CTRL-VUL-05,Medium,Corporate,SOC,Active
CSE-022-AST-026,CSE-022,Network_Device,Identity,Medium,Monitored,CTRL-VUL-05,Medium,Development,Infrastructure,Active
CSE-022-AST-027,CSE-022,Network_Device,Messaging,Medium,Monitored,CTRL-VUL-05,Medium,DR,IT_Operations,Active
CSE-022-AST-028,CSE-022,Application,Core_Network,Medium,Monitored,CTRL-VUL-05,Medium,Production,IT_Operations,Retired
CSE-022-AST-029,CSE-022,Network_Device,Public_Facing,High,Monitored,CTRL-VUL-05,High,DR,Infrastructure,Active
CSE-022-AST-030,CSE-022,Network_Device,Identity,High,Partially_Monitored,CTRL-IR-03,High,Development,SOC,Active
CSE-022-AST-031,CSE-022,Database,Core_Network,Low,Partially_Monitored,CTRL-IR-03,Low,DR,Application,Active
CSE-022-AST-032,CSE-022,Endpoint,Operations,High,Monitored,CTRL-IR-03,High,Development,SOC,Retired
CSE-022-AST-033,CSE-022,Database,Operations,Medium,Monitored,CTRL-ACC-04,Medium,Development,IT_Operations,Active
CSE-022-AST-034,CSE-022,Database,Core_Network,Low,Partially_Monitored,CTRL-IR-03,Low,Production,SOC,Active
CSE-022-AST-035,CSE-022,Endpoint,Messaging,Low,Monitored,CTRL-ACC-04,Low,Development,Network,Active
CSE-022-AST-036,CSE-022,Network_Device,Messaging,Medium,Monitored,CTRL-MON-01,Medium,DR,IT_Operations,Active
CSE-022-AST-037,CSE-022,Database,Business_App,Medium,Partially_Monitored,CTRL-IR-03,Medium,DR,SOC,Active
CSE-022-AST-038,CSE-022,Server,Business_App,Critical,Monitored,CTRL-ACC-04,Critical,DR,Application,Active
CSE-023-AST-001,CSE-023,Server,Identity,Low,Monitored,CTRL-VUL-05,Low,Production,IT_Operations,Active
CSE-023-AST-002,CSE-023,Industrial_System,Core_Network,Low,Monitored,CTRL-ACC-04,Low,Production,IT_Operations,Active
CSE-023-AST-003,CSE-023,Application,Public_Facing,Medium,Monitored,CTRL-MON-01,Medium,Development,Application,Active
CSE-023-AST-004,CSE-023,Application,Messaging,High,Not_Monitored,CTRL-ACC-04,High,DR,SOC,Active
CSE-023-AST-005,CSE-023,Database,Business_App,High,Partially_Monitored,CTRL-MON-01,High,Production,Network,Active
CSE-023-AST-006,CSE-023,Endpoint,Messaging,High,Monitored,CTRL-MON-01,High,DR,Application,Active
CSE-023-AST-007,CSE-023,Application,Core_Network,Medium,Partially_Monitored,CTRL-VUL-05,Medium,DR,SOC,Retired
CSE-023-AST-008,CSE-023,Network_Device,Core_Network,High,Monitored,CTRL-MON-01,High,Development,SOC,Active
CSE-023-AST-009,CSE-023,Industrial_System,Operations,Low,Partially_Monitored,CTRL-VUL-05,Low,DR,Network,Active
CSE-023-AST-010,CSE-023,Server,Core_Network,Low,Monitored,CTRL-ACC-04,Low,DR,Infrastructure,Active
CSE-023-AST-011,CSE-023,Endpoint,Business_App,Low,Monitored,CTRL-VUL-05,Low,Corporate,IT_Operations,Retired
CSE-023-AST-012,CSE-023,Industrial_System,Database,High,Monitored,CTRL-IR-03,High,Production,SOC,Active
CSE-023-AST-013,CSE-023,Network_Device,Business_App,Medium,Monitored,CTRL-DET-02,Medium,Development,IT_Operations,Active
CSE-023-AST-014,CSE-023,Endpoint,Core_Network,Low,Partially_Monitored,CTRL-ACC-04,Low,DR,Infrastructure,Active
CSE-023-AST-015,CSE-023,Application,Industrial_Control,Low,Monitored,CTRL-VUL-05,Low,Production,Network,Active
CSE-023-AST-016,CSE-023,Endpoint,Industrial_Control,Critical,Not_Monitored,CTRL-VUL-05,Critical,Development,SOC,Retired
CSE-023-AST-017,CSE-023,Endpoint,Operations,Medium,Partially_Monitored,CTRL-ACC-04,Medium,Corporate,Network,Active
CSE-023-AST-018,CSE-023,Application,Public_Facing,Medium,Monitored,CTRL-MON-01,Medium,DR,IT_Operations,Active
CSE-023-AST-019,CSE-023,Database,Messaging,Low,Monitored,CTRL-VUL-05,Low,Corporate,Network,Active
CSE-023-AST-020,CSE-023,Industrial_System,Identity,Medium,Not_Monitored,CTRL-IR-03,Medium,Production,IT_Operations,Active
CSE-023-AST-021,CSE-023,Server,Business_App,High,Monitored,CTRL-ACC-04,High,Corporate,IT_Operations,Active
CSE-023-AST-022,CSE-023,Database,Business_App,Low,Monitored,CTRL-MON-01,Low,DR,Application,Retired
CSE-023-AST-023,CSE-023,Industrial_System,Public_Facing,High,Monitored,CTRL-ACC-04,High,DR,IT_Operations,Active
CSE-023-AST-024,CSE-023,Database,Identity,Low,Monitored,CTRL-IR-03,Low,Development,SOC,Active
CSE-023-AST-025,CSE-023,Database,Industrial_Control,Critical,Monitored,CTRL-MON-01,Critical,Corporate,IT_Operations,Active
CSE-023-AST-026,CSE-023,Database,Core_Network,High,Not_Monitored,CTRL-ACC-04,High,Development,Infrastructure,Active
CSE-023-AST-027,CSE-023,Application,Messaging,Medium,Not_Monitored,CTRL-IR-03,Medium,Production,IT_Operations,Active
CSE-023-AST-028,CSE-023,Server,Public_Facing,Low,Partially_Monitored,CTRL-VUL-05,Low,Production,Network,Active
CSE-023-AST-029,CSE-023,Network_Device,Identity,Low,Monitored,CTRL-IR-03,Low,Development,Network,Active
CSE-023-AST-030,CSE-023,Endpoint,Messaging,Medium,Monitored,CTRL-ACC-04,Medium,Production,SOC,Active
CSE-023-AST-031,CSE-023,Network_Device,Business_App,High,Monitored,CTRL-VUL-05,High,Development,Network,Active
CSE-023-AST-032,CSE-023,Database,Messaging,Low,Not_Monitored,CTRL-VUL-05,Low,Corporate,Infrastructure,Active
CSE-023-AST-033,CSE-023,Network_Device,Operations,Medium,Not_Monitored,CTRL-DET-02,Medium,Corporate,IT_Operations,Active
CSE-023-AST-034,CSE-023,Endpoint,Core_Network,Low,Monitored,CTRL-VUL-05,Low,DR,Infrastructure,Active
CSE-023-AST-035,CSE-023,Application,Identity,High,Monitored,CTRL-IR-03,High,Production,SOC,Active
CSE-023-AST-036,CSE-023,Network_Device,Core_Network,Low,Monitored,CTRL-DET-02,Low,Production,IT_Operations,Active
CSE-023-AST-037,CSE-023,Industrial_System,Operations,Medium,Monitored,CTRL-ACC-04,Medium,Corporate,Network,Retired
CSE-023-AST-038,CSE-023,Cloud_Service,Business_App,Medium,Not_Monitored,CTRL-DET-02,Medium,Development,Network,Active
CSE-023-AST-039,CSE-023,Database,Industrial_Control,Low,Monitored,CTRL-VUL-05,Low,DR,SOC,Active
CSE-023-AST-040,CSE-023,Cloud_Service,Business_App,High,Monitored,CTRL-ACC-04,High,Development,IT_Operations,Active
CSE-023-AST-041,CSE-023,Network_Device,Core_Network,High,Monitored,CTRL-DET-02,High,Production,Infrastructure,Active
CSE-023-AST-042,CSE-023,Endpoint,Industrial_Control,Low,Monitored,CTRL-DET-02,Low,Development,IT_Operations,Active
CSE-023-AST-043,CSE-023,Endpoint,Industrial_Control,Critical,Monitored,CTRL-ACC-04,Critical,DR,IT_Operations,Active
CSE-023-AST-044,CSE-023,Network_Device,Database,High,Not_Monitored,CTRL-MON-01,High,DR,IT_Operations,Active
CSE-023-AST-045,CSE-023,Cloud_Service,Identity,Medium,Monitored,CTRL-IR-03,Medium,DR,IT_Operations,Active
CSE-023-AST-046,CSE-023,Application,Identity,Medium,Monitored,CTRL-ACC-04,Medium,Production,Application,Retired
CSE-023-AST-047,CSE-023,Application,Core_Network,Medium,Monitored,CTRL-IR-03,Medium,DR,Infrastructure,Active
CSE-023-AST-048,CSE-023,Network_Device,Identity,Low,Not_Monitored,CTRL-VUL-05,Low,Production,IT_Operations,Active
CSE-023-AST-049,CSE-023,Server,Operations,Medium,Partially_Monitored,CTRL-IR-03,Medium,DR,Infrastructure,Retired
CSE-023-AST-050,CSE-023,Server,Messaging,Medium,Partially_Monitored,CTRL-IR-03,Medium,DR,Network,Active
CSE-023-AST-051,CSE-023,Application,Operations,Medium,Partially_Monitored,CTRL-ACC-04,Medium,DR,IT_Operations,Retired
CSE-023-AST-052,CSE-023,Industrial_System,Messaging,Medium,Not_Monitored,CTRL-DET-02,Medium,Production,Infrastructure,Retired
CSE-023-AST-053,CSE-023,Network_Device,Database,Low,Monitored,CTRL-IR-03,Low,DR,IT_Operations,Active
CSE-023-AST-054,CSE-023,Application,Core_Network,High,Not_Monitored,CTRL-ACC-04,High,DR,Network,Active
CSE-023-AST-055,CSE-023,Cloud_Service,Business_App,Medium,Monitored,CTRL-VUL-05,Medium,Corporate,SOC,Active
CSE-023-AST-056,CSE-023,Network_Device,Industrial_Control,High,Monitored,CTRL-VUL-05,High,DR,Application,Active
CSE-023-AST-057,CSE-023,Database,Database,Medium,Monitored,CTRL-IR-03,Medium,DR,SOC,Active
CSE-023-AST-058,CSE-023,Application,Operations,High,Partially_Monitored,CTRL-VUL-05,High,DR,SOC,Active
CSE-023-AST-059,CSE-023,Industrial_System,Industrial_Control,Critical,Monitored,CTRL-IR-03,Critical,Corporate,IT_Operations,Active
CSE-023-AST-060,CSE-023,Industrial_System,Core_Network,Low,Monitored,CTRL-DET-02,Low,DR,Application,Active
CSE-023-AST-061,CSE-023,Application,Messaging,Low,Partially_Monitored,CTRL-ACC-04,Low,Development,IT_Operations,Active
CSE-023-AST-062,CSE-023,Endpoint,Core_Network,Medium,Partially_Monitored,CTRL-VUL-05,Medium,DR,IT_Operations,Active
CSE-023-AST-063,CSE-023,Cloud_Service,Database,Medium,Not_Monitored,CTRL-VUL-05,Medium,Corporate,Infrastructure,Active
CSE-024-AST-001,CSE-024,Cloud_Service,Messaging,High,Monitored,CTRL-IR-03,High,Development,SOC,Retired
CSE-024-AST-002,CSE-024,Endpoint,Operations,High,Partially_Monitored,CTRL-IR-03,High,Production,IT_Operations,Active
CSE-024-AST-003,CSE-024,Cloud_Service,Business_App,High,Partially_Monitored,CTRL-ACC-04,High,Corporate,Application,Retired
CSE-024-AST-004,CSE-024,Cloud_Service,Messaging,Low,Monitored,CTRL-ACC-04,Low,DR,SOC,Active
CSE-024-AST-005,CSE-024,Database,Business_App,Medium,Monitored,CTRL-ACC-04,Medium,Development,Network,Active
CSE-024-AST-006,CSE-024,Network_Device,Database,Critical,Monitored,CTRL-VUL-05,Critical,Corporate,SOC,Active
CSE-024-AST-007,CSE-024,Server,Industrial_Control,High,Not_Monitored,CTRL-IR-03,High,Corporate,Network,Active
CSE-024-AST-008,CSE-024,Endpoint,Public_Facing,Low,Monitored,CTRL-IR-03,Low,DR,Application,Active
CSE-024-AST-009,CSE-024,Server,Industrial_Control,Medium,Partially_Monitored,CTRL-DET-02,Medium,Production,Network,Active
CSE-024-AST-010,CSE-024,Database,Database,Medium,Monitored,CTRL-ACC-04,Medium,Corporate,Infrastructure,Active
CSE-024-AST-011,CSE-024,Network_Device,Identity,Low,Not_Monitored,CTRL-VUL-05,Low,Production,IT_Operations,Active
CSE-024-AST-012,CSE-024,Server,Public_Facing,High,Monitored,CTRL-DET-02,High,Production,SOC,Active
CSE-024-AST-013,CSE-024,Server,Core_Network,Low,Monitored,CTRL-MON-01,Low,DR,SOC,Active
CSE-024-AST-014,CSE-024,Industrial_System,Operations,High,Monitored,CTRL-VUL-05,High,DR,Application,Active
CSE-024-AST-015,CSE-024,Network_Device,Messaging,Medium,Monitored,CTRL-ACC-04,Medium,DR,SOC,Active
CSE-024-AST-016,CSE-024,Cloud_Service,Messaging,Low,Monitored,CTRL-MON-01,Low,Production,Application,Active
CSE-024-AST-017,CSE-024,Endpoint,Core_Network,Medium,Monitored,CTRL-IR-03,Medium,Development,SOC,Active
CSE-024-AST-018,CSE-024,Server,Core_Network,High,Monitored,CTRL-MON-01,High,DR,Application,Active
CSE-024-AST-019,CSE-024,Database,Messaging,Medium,Partially_Monitored,CTRL-DET-02,Medium,Production,Network,Active
CSE-024-AST-020,CSE-024,Industrial_System,Core_Network,Low,Monitored,CTRL-MON-01,Low,Development,IT_Operations,Active
CSE-024-AST-021,CSE-024,Database,Business_App,Medium,Partially_Monitored,CTRL-DET-02,Medium,DR,SOC,Active
CSE-024-AST-022,CSE-024,Cloud_Service,Core_Network,High,Not_Monitored,CTRL-DET-02,High,DR,Network,Active
CSE-024-AST-023,CSE-024,Application,Identity,Low,Monitored,CTRL-IR-03,Low,Production,Application,Active
CSE-024-AST-024,CSE-024,Application,Messaging,Medium,Monitored,CTRL-MON-01,Medium,Development,Network,Active
CSE-024-AST-025,CSE-024,Network_Device,Industrial_Control,Medium,Monitored,CTRL-VUL-05,Medium,DR,Network,Active
CSE-024-AST-026,CSE-024,Cloud_Service,Messaging,Low,Monitored,CTRL-VUL-05,Low,Development,SOC,Active
CSE-024-AST-027,CSE-024,Network_Device,Identity,Medium,Partially_Monitored,CTRL-ACC-04,Medium,Production,IT_Operations,Retired
CSE-024-AST-028,CSE-024,Database,Business_App,Low,Not_Monitored,CTRL-MON-01,Low,Production,Infrastructure,Active
CSE-024-AST-029,CSE-024,Database,Core_Network,Critical,Monitored,CTRL-ACC-04,Critical,DR,Network,Active
CSE-024-AST-030,CSE-024,Application,Core_Network,Low,Monitored,CTRL-DET-02,Low,DR,Application,Active
CSE-024-AST-031,CSE-024,Industrial_System,Database,Medium,Monitored,CTRL-MON-01,Medium,Corporate,IT_Operations,Active
CSE-024-AST-032,CSE-024,Cloud_Service,Identity,High,Not_Monitored,CTRL-IR-03,High,DR,Network,Retired
CSE-024-AST-033,CSE-024,Server,Business_App,Medium,Monitored,CTRL-DET-02,Medium,Corporate,Application,Active
CSE-024-AST-034,CSE-024,Cloud_Service,Public_Facing,Medium,Monitored,CTRL-MON-01,Medium,Production,Application,Active
CSE-024-AST-035,CSE-024,Endpoint,Operations,Critical,Monitored,CTRL-VUL-05,Critical,Production,Network,Active
CSE-024-AST-036,CSE-024,Industrial_System,Messaging,Medium,Partially_Monitored,CTRL-ACC-04,Medium,Production,Network,Active
CSE-024-AST-037,CSE-024,Database,Identity,Low,Partially_Monitored,CTRL-MON-01,Low,Corporate,Infrastructure,Active
CSE-024-AST-038,CSE-024,Application,Core_Network,Medium,Partially_Monitored,CTRL-IR-03,Medium,DR,SOC,Active
CSE-024-AST-039,CSE-024,Server,Messaging,Medium,Monitored,CTRL-VUL-05,Medium,DR,SOC,Active
CSE-024-AST-040,CSE-024,Server,Business_App,Low,Monitored,CTRL-ACC-04,Low,DR,Application,Active
CSE-024-AST-041,CSE-024,Application,Messaging,Low,Monitored,CTRL-ACC-04,Low,DR,IT_Operations,Active
CSE-024-AST-042,CSE-024,Server,Operations,Low,Monitored,CTRL-IR-03,Low,DR,Application,Active
CSE-024-AST-043,CSE-024,Network_Device,Public_Facing,Medium,Monitored,CTRL-VUL-05,Medium,Corporate,SOC,Active
CSE-024-AST-044,CSE-024,Endpoint,Public_Facing,Medium,Monitored,CTRL-VUL-05,Medium,Corporate,Infrastructure,Active
CSE-024-AST-045,CSE-024,Network_Device,Business_App,Low,Partially_Monitored,CTRL-IR-03,Low,Production,Infrastructure,Active
CSE-024-AST-046,CSE-024,Endpoint,Core_Network,Medium,Not_Monitored,CTRL-VUL-05,Medium,Production,Application,Active
CSE-024-AST-047,CSE-024,Application,Business_App,High,Monitored,CTRL-DET-02,High,DR,IT_Operations,Active
CSE-024-AST-048,CSE-024,Network_Device,Public_Facing,Medium,Not_Monitored,CTRL-MON-01,Medium,Corporate,Application,Active
CSE-024-AST-049,CSE-024,Network_Device,Business_App,Medium,Partially_Monitored,CTRL-VUL-05,Medium,Corporate,Infrastructure,Retired
CSE-024-AST-050,CSE-024,Endpoint,Messaging,Critical,Partially_Monitored,CTRL-MON-01,Critical,DR,Infrastructure,Active
CSE-024-AST-051,CSE-024,Network_Device,Business_App,Medium,Not_Monitored,CTRL-MON-01,Medium,Corporate,IT_Operations,Retired
CSE-024-AST-052,CSE-024,Application,Operations,Medium,Partially_Monitored,CTRL-MON-01,Medium,Development,Network,Active
CSE-024-AST-053,CSE-024,Industrial_System,Database,Medium,Monitored,CTRL-MON-01,Medium,Development,Application,Active
CSE-024-AST-054,CSE-024,Industrial_System,Messaging,Critical,Monitored,CTRL-VUL-05,Critical,Development,IT_Operations,Retired
CSE-024-AST-055,CSE-024,Server,Database,Medium,Monitored,CTRL-IR-03,Medium,Development,SOC,Retired
CSE-024-AST-056,CSE-024,Application,Operations,High,Monitored,CTRL-IR-03,High,Development,Network,Active
CSE-024-AST-057,CSE-024,Network_Device,Industrial_Control,Low,Not_Monitored,CTRL-VUL-05,Low,Development,Application,Retired
CSE-024-AST-058,CSE-024,Network_Device,Industrial_Control,Medium,Not_Monitored,CTRL-VUL-05,Medium,DR,Infrastructure,Active
CSE-024-AST-059,CSE-024,Application,Operations,Low,Monitored,CTRL-DET-02,Low,DR,Infrastructure,Active
CSE-024-AST-060,CSE-024,Network_Device,Identity,Low,Monitored,CTRL-DET-02,Low,Corporate,IT_Operations,Active
CSE-024-AST-061,CSE-024,Application,Operations,Low,Monitored,CTRL-ACC-04,Low,Corporate,Network,Active
CSE-024-AST-062,CSE-024,Endpoint,Database,Medium,Monitored,CTRL-DET-02,Medium,Development,Infrastructure,Active
CSE-024-AST-063,CSE-024,Server,Business_App,Medium,Monitored,CTRL-DET-02,Medium,Corporate,SOC,Active
CSE-024-AST-064,CSE-024,Cloud_Service,Messaging,Low,Monitored,CTRL-DET-02,Low,DR,Infrastructure,Retired
CSE-024-AST-065,CSE-024,Endpoint,Core_Network,High,Partially_Monitored,CTRL-MON-01,High,Corporate,Infrastructure,Active
CSE-024-AST-066,CSE-024,Network_Device,Database,Low,Partially_Monitored,CTRL-DET-02,Low,Corporate,IT_Operations,Active
CSE-024-AST-067,CSE-024,Cloud_Service,Operations,Medium,Monitored,CTRL-DET-02,Medium,DR,Network,Active
CSE-024-AST-068,CSE-024,Network_Device,Operations,Low,Not_Monitored,CTRL-MON-01,Low,Corporate,SOC,Active
CSE-024-AST-069,CSE-024,Cloud_Service,Core_Network,High,Not_Monitored,CTRL-DET-02,High,Corporate,Network,Active
CSE-024-AST-070,CSE-024,Network_Device,Business_App,Medium,Monitored,CTRL-ACC-04,Medium,DR,IT_Operations,Active
CSE-024-AST-071,CSE-024,Application,Public_Facing,Medium,Monitored,CTRL-IR-03,Medium,Production,SOC,Active
CSE-024-AST-072,CSE-024,Network_Device,Messaging,Low,Not_Monitored,CTRL-ACC-04,Low,Production,SOC,Active
CSE-024-AST-073,CSE-024,Endpoint,Business_App,Medium,Monitored,CTRL-MON-01,Medium,DR,Infrastructure,Active
CSE-024-AST-074,CSE-024,Endpoint,Business_App,Critical,Partially_Monitored,CTRL-MON-01,Critical,DR,IT_Operations,Active
CSE-024-AST-075,CSE-024,Database,Core_Network,Low,Monitored,CTRL-ACC-04,Low,DR,Application,Active
CSE-024-AST-076,CSE-024,Industrial_System,Identity,Medium,Not_Monitored,CTRL-DET-02,Medium,DR,Network,Active
CSE-024-AST-077,CSE-024,Cloud_Service,Operations,Medium,Monitored,CTRL-MON-01,Medium,DR,SOC,Active
CSE-024-AST-078,CSE-024,Cloud_Service,Database,Low,Monitored,CTRL-ACC-04,Low,Corporate,Infrastructure,Active
CSE-024-AST-079,CSE-024,Industrial_System,Public_Facing,Medium,Monitored,CTRL-ACC-04,Medium,Corporate,Application,Active
CSE-024-AST-080,CSE-024,Industrial_System,Public_Facing,Low,Monitored,CTRL-ACC-04,Low,Corporate,Application,Active
CSE-024-AST-081,CSE-024,Application,Industrial_Control,Low,Monitored,CTRL-ACC-04,Low,Corporate,IT_Operations,Active
CSE-024-AST-082,CSE-024,Endpoint,Operations,Low,Monitored,CTRL-VUL-05,Low,Corporate,Network,Active
CSE-024-AST-083,CSE-024,Industrial_System,Industrial_Control,Medium,Not_Monitored,CTRL-DET-02,Medium,Corporate,Application,Active
CSE-024-AST-084,CSE-024,Network_Device,Industrial_Control,Critical,Monitored,CTRL-DET-02,Critical,DR,Application,Active
CSE-024-AST-085,CSE-024,Network_Device,Identity,Medium,Not_Monitored,CTRL-VUL-05,Medium,DR,SOC,Active
CSE-024-AST-086,CSE-024,Cloud_Service,Core_Network,Medium,Monitored,CTRL-VUL-05,Medium,Corporate,Network,Active
CSE-024-AST-087,CSE-024,Server,Operations,Medium,Monitored,CTRL-MON-01,Medium,Development,Application,Active
CSE-024-AST-088,CSE-024,Application,Core_Network,Medium,Not_Monitored,CTRL-IR-03,Medium,DR,Network,Active
CSE-024-AST-089,CSE-024,Endpoint,Core_Network,High,Monitored,CTRL-IR-03,High,Development,SOC,Active
CSE-024-AST-090,CSE-024,Database,Public_Facing,Low,Monitored,CTRL-MON-01,Low,Corporate,Infrastructure,Active
CSE-024-AST-091,CSE-024,Industrial_System,Core_Network,High,Partially_Monitored,CTRL-MON-01,High,DR,Infrastructure,Retired
CSE-025-AST-001,CSE-025,Network_Device,Messaging,High,Monitored,CTRL-MON-01,High,Production,Network,Active
CSE-025-AST-002,CSE-025,Application,Business_App,Low,Not_Monitored,CTRL-VUL-05,Low,Development,Infrastructure,Active
CSE-025-AST-003,CSE-025,Network_Device,Messaging,Low,Monitored,CTRL-MON-01,Low,Development,Infrastructure,Active
CSE-025-AST-004,CSE-025,Network_Device,Identity,Low,Monitored,CTRL-DET-02,Low,Development,Infrastructure,Active
CSE-025-AST-005,CSE-025,Server,Public_Facing,Medium,Not_Monitored,CTRL-VUL-05,Medium,Corporate,IT_Operations,Active
CSE-025-AST-006,CSE-025,Server,Core_Network,Low,Partially_Monitored,CTRL-IR-03,Low,Development,IT_Operations,Active
CSE-025-AST-007,CSE-025,Industrial_System,Industrial_Control,Medium,Not_Monitored,CTRL-IR-03,Medium,DR,Infrastructure,Active
CSE-025-AST-008,CSE-025,Endpoint,Business_App,Low,Monitored,CTRL-VUL-05,Low,DR,Network,Active
CSE-025-AST-009,CSE-025,Application,Database,High,Monitored,CTRL-IR-03,High,Production,IT_Operations,Active
CSE-025-AST-010,CSE-025,Cloud_Service,Operations,Medium,Monitored,CTRL-IR-03,Medium,Corporate,Network,Active
CSE-025-AST-011,CSE-025,Industrial_System,Core_Network,High,Monitored,CTRL-ACC-04,High,DR,IT_Operations,Active
CSE-025-AST-012,CSE-025,Industrial_System,Business_App,Low,Monitored,CTRL-MON-01,Low,Development,Network,Active
CSE-025-AST-013,CSE-025,Application,Public_Facing,High,Monitored,CTRL-ACC-04,High,Production,Application,Retired
CSE-025-AST-014,CSE-025,Network_Device,Database,Medium,Not_Monitored,CTRL-IR-03,Medium,Production,Network,Retired
CSE-025-AST-015,CSE-025,Endpoint,Industrial_Control,Low,Partially_Monitored,CTRL-ACC-04,Low,Development,Infrastructure,Active
CSE-025-AST-016,CSE-025,Cloud_Service,Database,High,Not_Monitored,CTRL-VUL-05,High,Development,SOC,Active
CSE-025-AST-017,CSE-025,Application,Database,Medium,Monitored,CTRL-IR-03,Medium,Production,Application,Active
CSE-025-AST-018,CSE-025,Network_Device,Core_Network,Medium,Monitored,CTRL-IR-03,Medium,Development,Infrastructure,Retired
CSE-025-AST-019,CSE-025,Server,Messaging,Low,Partially_Monitored,CTRL-ACC-04,Low,Production,IT_Operations,Active
CSE-025-AST-020,CSE-025,Application,Core_Network,Low,Partially_Monitored,CTRL-VUL-05,Low,Development,Network,Active
CSE-025-AST-021,CSE-025,Application,Business_App,Low,Monitored,CTRL-IR-03,Low,Development,Application,Active
CSE-025-AST-022,CSE-025,Industrial_System,Database,Medium,Not_Monitored,CTRL-ACC-04,Medium,Corporate,Infrastructure,Active
CSE-025-AST-023,CSE-025,Industrial_System,Operations,Low,Monitored,CTRL-ACC-04,Low,DR,IT_Operations,Active
CSE-025-AST-024,CSE-025,Network_Device,Messaging,High,Partially_Monitored,CTRL-ACC-04,High,Development,IT_Operations,Active
CSE-025-AST-025,CSE-025,Industrial_System,Identity,High,Partially_Monitored,CTRL-VUL-05,High,Production,Network,Retired
CSE-025-AST-026,CSE-025,Database,Public_Facing,Medium,Partially_Monitored,CTRL-MON-01,Medium,Development,Network,Active
CSE-025-AST-027,CSE-025,Network_Device,Identity,High,Not_Monitored,CTRL-DET-02,High,Development,Infrastructure,Active
CSE-025-AST-028,CSE-025,Server,Core_Network,Medium,Monitored,CTRL-IR-03,Medium,Corporate,Network,Active
CSE-025-AST-029,CSE-025,Network_Device,Industrial_Control,Low,Not_Monitored,CTRL-MON-01,Low,Corporate,IT_Operations,Active
CSE-025-AST-030,CSE-025,Network_Device,Identity,Low,Monitored,CTRL-IR-03,Low,DR,SOC,Active
CSE-025-AST-031,CSE-025,Network_Device,Public_Facing,Low,Monitored,CTRL-VUL-05,Low,DR,IT_Operations,Active
CSE-025-AST-032,CSE-025,Industrial_System,Messaging,High,Partially_Monitored,CTRL-DET-02,High,DR,SOC,Active
CSE-025-AST-033,CSE-025,Industrial_System,Industrial_Control,High,Monitored,CTRL-MON-01,High,Development,Application,Active
CSE-025-AST-034,CSE-025,Server,Public_Facing,Medium,Monitored,CTRL-ACC-04,Medium,DR,IT_Operations,Active
CSE-025-AST-035,CSE-025,Application,Messaging,Medium,Monitored,CTRL-DET-02,Medium,Development,Infrastructure,Active
CSE-025-AST-036,CSE-025,Industrial_System,Core_Network,High,Not_Monitored,CTRL-DET-02,High,Production,IT_Operations,Active
CSE-025-AST-037,CSE-025,Network_Device,Business_App,Low,Monitored,CTRL-VUL-05,Low,Production,SOC,Active
CSE-025-AST-038,CSE-025,Server,Messaging,Medium,Monitored,CTRL-VUL-05,Medium,DR,Infrastructure,Active
CSE-025-AST-039,CSE-025,Network_Device,Public_Facing,Low,Not_Monitored,CTRL-DET-02,Low,DR,Infrastructure,Active
CSE-025-AST-040,CSE-025,Application,Database,Medium,Monitored,CTRL-IR-03,Medium,DR,Network,Active
CSE-025-AST-041,CSE-025,Server,Operations,Low,Not_Monitored,CTRL-MON-01,Low,Corporate,Network,Active
CSE-025-AST-042,CSE-025,Cloud_Service,Public_Facing,High,Monitored,CTRL-ACC-04,High,Corporate,IT_Operations,Active
CSE-025-AST-043,CSE-025,Industrial_System,Operations,Medium,Monitored,CTRL-MON-01,Medium,Production,Network,Active
CSE-025-AST-044,CSE-025,Cloud_Service,Industrial_Control,Medium,Monitored,CTRL-DET-02,Medium,DR,IT_Operations,Active
CSE-025-AST-045,CSE-025,Endpoint,Business_App,Low,Monitored,CTRL-DET-02,Low,DR,IT_Operations,Active
CSE-025-AST-046,CSE-025,Database,Identity,Low,Monitored,CTRL-IR-03,Low,DR,Network,Active
CSE-025-AST-047,CSE-025,Application,Industrial_Control,Low,Monitored,CTRL-IR-03,Low,Production,Infrastructure,Active
CSE-025-AST-048,CSE-025,Endpoint,Core_Network,Medium,Monitored,CTRL-ACC-04,Medium,DR,SOC,Active
CSE-025-AST-049,CSE-025,Application,Core_Network,Medium,Monitored,CTRL-VUL-05,Medium,Corporate,Application,Active
CSE-025-AST-050,CSE-025,Network_Device,Database,High,Monitored,CTRL-DET-02,High,Production,Application,Active
CSE-025-AST-051,CSE-025,Database,Database,Low,Not_Monitored,CTRL-VUL-05,Low,Corporate,Infrastructure,Active
CSE-025-AST-052,CSE-025,Server,Public_Facing,Medium,Monitored,CTRL-DET-02,Medium,Production,Network,Active
CSE-025-AST-053,CSE-025,Application,Identity,Critical,Monitored,CTRL-VUL-05,Critical,Production,Application,Active
CSE-025-AST-054,CSE-025,Industrial_System,Operations,Medium,Monitored,CTRL-ACC-04,Medium,Production,Infrastructure,Active
CSE-025-AST-055,CSE-025,Network_Device,Operations,Low,Monitored,CTRL-VUL-05,Low,Development,SOC,Active
CSE-025-AST-056,CSE-025,Application,Messaging,High,Not_Monitored,CTRL-VUL-05,High,Production,Application,Active
CSE-025-AST-057,CSE-025,Endpoint,Identity,Medium,Partially_Monitored,CTRL-MON-01,Medium,Development,Application,Active
CSE-025-AST-058,CSE-025,Cloud_Service,Database,Low,Partially_Monitored,CTRL-ACC-04,Low,DR,Network,Active
CSE-025-AST-059,CSE-025,Cloud_Service,Operations,Medium,Monitored,CTRL-DET-02,Medium,Production,Network,Active
CSE-025-AST-060,CSE-025,Endpoint,Core_Network,Critical,Monitored,CTRL-MON-01,Critical,DR,IT_Operations,Active
CSE-025-AST-061,CSE-025,Network_Device,Database,Low,Partially_Monitored,CTRL-ACC-04,Low,Corporate,SOC,Retired
CSE-025-AST-062,CSE-025,Server,Messaging,Medium,Monitored,CTRL-VUL-05,Medium,Production,Application,Retired
CSE-025-AST-063,CSE-025,Endpoint,Core_Network,High,Monitored,CTRL-ACC-04,High,DR,Network,Active
CSE-025-AST-064,CSE-025,Network_Device,Database,Medium,Partially_Monitored,CTRL-DET-02,Medium,Corporate,IT_Operations,Active
CSE-025-AST-065,CSE-025,Server,Business_App,Medium,Not_Monitored,CTRL-VUL-05,Medium,Production,SOC,Active
CSE-025-AST-066,CSE-025,Server,Business_App,Low,Monitored,CTRL-MON-01,Low,Corporate,Application,Active
CSE-025-AST-067,CSE-025,Industrial_System,Identity,Medium,Monitored,CTRL-ACC-04,Medium,Production,Application,Active
CSE-025-AST-068,CSE-025,Network_Device,Identity,Medium,Not_Monitored,CTRL-IR-03,Medium,Corporate,SOC,Active
CSE-025-AST-069,CSE-025,Network_Device,Identity,Medium,Monitored,CTRL-ACC-04,Medium,DR,SOC,Active
CSE-025-AST-070,CSE-025,Industrial_System,Core_Network,Medium,Monitored,CTRL-IR-03,Medium,Development,SOC,Retired
CSE-025-AST-071,CSE-025,Industrial_System,Operations,Low,Monitored,CTRL-VUL-05,Low,Production,Application,Active
CSE-025-AST-072,CSE-025,Network_Device,Industrial_Control,Low,Monitored,CTRL-IR-03,Low,DR,Network,Active
CSE-025-AST-073,CSE-025,Server,Messaging,Low,Monitored,CTRL-DET-02,Low,Production,Network,Retired
CSE-025-AST-074,CSE-025,Server,Public_Facing,Medium,Partially_Monitored,CTRL-IR-03,Medium,DR,Infrastructure,Active
CSE-025-AST-075,CSE-025,Database,Identity,Medium,Monitored,CTRL-MON-01,Medium,Production,Network,Active
CSE-025-AST-076,CSE-025,Cloud_Service,Messaging,Medium,Partially_Monitored,CTRL-ACC-04,Medium,Corporate,Infrastructure,Active
CSE-025-AST-077,CSE-025,Network_Device,Business_App,Low,Partially_Monitored,CTRL-MON-01,Low,Production,IT_Operations,Active
CSE-025-AST-078,CSE-025,Cloud_Service,Database,Low,Monitored,CTRL-IR-03,Low,DR,SOC,Active
CSE-025-AST-079,CSE-025,Network_Device,Database,Critical,Partially_Monitored,CTRL-MON-01,Critical,Production,Application,Active
CSE-025-AST-080,CSE-025,Cloud_Service,Operations,Low,Not_Monitored,CTRL-VUL-05,Low,Corporate,IT_Operations,Active
CSE-025-AST-081,CSE-025,Network_Device,Messaging,Low,Partially_Monitored,CTRL-MON-01,Low,Corporate,IT_Operations,Active
CSE-025-AST-082,CSE-025,Endpoint,Core_Network,Medium,Not_Monitored,CTRL-ACC-04,Medium,Development,SOC,Active
CSE-025-AST-083,CSE-025,Database,Identity,Medium,Monitored,CTRL-ACC-04,Medium,DR,SOC,Active
CSE-025-AST-084,CSE-025,Industrial_System,Database,Medium,Not_Monitored,CTRL-IR-03,Medium,Production,IT_Operations,Active
CSE-025-AST-085,CSE-025,Endpoint,Public_Facing,Critical,Monitored,CTRL-ACC-04,Critical,Development,Application,Active
CSE-025-AST-086,CSE-025,Database,Database,Low,Partially_Monitored,CTRL-IR-03,Low,DR,SOC,Active
CSE-025-AST-087,CSE-025,Endpoint,Database,Low,Partially_Monitored,CTRL-ACC-04,Low,Production,Infrastructure,Retired
CSE-025-AST-088,CSE-025,Endpoint,Business_App,Medium,Partially_Monitored,CTRL-IR-03,Medium,DR,IT_Operations,Active
CSE-025-AST-089,CSE-025,Database,Identity,Low,Monitored,CTRL-MON-01,Low,Production,IT_Operations,Active
CSE-025-AST-090,CSE-025,Endpoint,Industrial_Control,Critical,Monitored,CTRL-VUL-05,Critical,Development,SOC,Active
CSE-025-AST-091,CSE-025,Industrial_System,Database,High,Monitored,CTRL-IR-03,High,Corporate,IT_Operations,Active
CSE-025-AST-092,CSE-025,Industrial_System,Messaging,Low,Monitored,CTRL-VUL-05,Low,Production,IT_Operations,Active
CSE-025-AST-093,CSE-025,Cloud_Service,Industrial_Control,High,Monitored,CTRL-DET-02,High,Corporate,Network,Retired
CSE-025-AST-094,CSE-025,Application,Database,Medium,Monitored,CTRL-IR-03,Medium,Production,IT_Operations,Active
CSE-025-AST-095,CSE-025,Industrial_System,Identity,Medium,Monitored,CTRL-ACC-04,Medium,Production,Infrastructure,Active
CSE-025-AST-096,CSE-025,Application,Core_Network,High,Partially_Monitored,CTRL-ACC-04,High,Production,Network,Active
CSE-025-AST-097,CSE-025,Network_Device,Database,Low,Monitored,CTRL-MON-01,Low,Corporate,SOC,Active
CSE-025-AST-098,CSE-025,Network_Device,Public_Facing,Low,Monitored,CTRL-DET-02,Low,Production,SOC,Active
CSE-025-AST-099,CSE-025,Database,Industrial_Control,High,Partially_Monitored,CTRL-IR-03,High,Corporate,Infrastructure,Active
CSE-025-AST-100,CSE-025,Server,Public_Facing,Low,Not_Monitored,CTRL-IR-03,Low,Development,IT_Operations,Retired
CSE-026-AST-001,CSE-026,Application,Database,High,Not_Monitored,CTRL-IR-03,High,Development,IT_Operations,Active
CSE-026-AST-002,CSE-026,Application,Operations,Medium,Monitored,CTRL-MON-01,Medium,Corporate,Network,Active
CSE-026-AST-003,CSE-026,Endpoint,Public_Facing,Medium,Monitored,CTRL-DET-02,Medium,Production,IT_Operations,Active
CSE-026-AST-004,CSE-026,Cloud_Service,Messaging,Medium,Monitored,CTRL-VUL-05,Medium,DR,Network,Active
CSE-026-AST-005,CSE-026,Network_Device,Public_Facing,High,Monitored,CTRL-VUL-05,High,Corporate,SOC,Active
CSE-026-AST-006,CSE-026,Cloud_Service,Public_Facing,High,Monitored,CTRL-IR-03,High,Production,Application,Retired
CSE-026-AST-007,CSE-026,Server,Core_Network,Low,Monitored,CTRL-DET-02,Low,DR,Application,Active
CSE-026-AST-008,CSE-026,Database,Database,Medium,Partially_Monitored,CTRL-VUL-05,Medium,Corporate,Infrastructure,Active
CSE-026-AST-009,CSE-026,Cloud_Service,Core_Network,Medium,Monitored,CTRL-IR-03,Medium,DR,Infrastructure,Active
CSE-026-AST-010,CSE-026,Application,Operations,Low,Monitored,CTRL-VUL-05,Low,Corporate,IT_Operations,Active
CSE-026-AST-011,CSE-026,Database,Identity,Medium,Monitored,CTRL-ACC-04,Medium,Development,SOC,Retired
CSE-026-AST-012,CSE-026,Cloud_Service,Identity,Low,Monitored,CTRL-ACC-04,Low,Corporate,Network,Active
CSE-026-AST-013,CSE-026,Application,Identity,Medium,Not_Monitored,CTRL-VUL-05,Medium,Corporate,SOC,Active
CSE-026-AST-014,CSE-026,Database,Database,High,Monitored,CTRL-VUL-05,High,DR,Infrastructure,Retired
CSE-026-AST-015,CSE-026,Database,Database,Medium,Monitored,CTRL-MON-01,Medium,Production,Application,Active
CSE-026-AST-016,CSE-026,Database,Core_Network,High,Partially_Monitored,CTRL-VUL-05,High,Production,Network,Active
CSE-026-AST-017,CSE-026,Database,Database,Medium,Not_Monitored,CTRL-IR-03,Medium,Corporate,Network,Active
CSE-026-AST-018,CSE-026,Server,Core_Network,Low,Monitored,CTRL-MON-01,Low,DR,SOC,Active
CSE-026-AST-019,CSE-026,Database,Industrial_Control,Low,Monitored,CTRL-VUL-05,Low,Production,Network,Active
CSE-026-AST-020,CSE-026,Cloud_Service,Operations,Medium,Monitored,CTRL-IR-03,Medium,Production,IT_Operations,Active
CSE-026-AST-021,CSE-026,Endpoint,Business_App,Medium,Monitored,CTRL-DET-02,Medium,Development,Application,Active
CSE-026-AST-022,CSE-026,Database,Core_Network,High,Partially_Monitored,CTRL-IR-03,High,DR,SOC,Active
CSE-026-AST-023,CSE-026,Database,Public_Facing,Low,Monitored,CTRL-MON-01,Low,Corporate,SOC,Active
CSE-026-AST-024,CSE-026,Endpoint,Industrial_Control,Low,Monitored,CTRL-DET-02,Low,DR,Infrastructure,Retired
CSE-026-AST-025,CSE-026,Endpoint,Industrial_Control,Critical,Monitored,CTRL-VUL-05,Critical,Corporate,IT_Operations,Active
CSE-026-AST-026,CSE-026,Database,Identity,Low,Monitored,CTRL-ACC-04,Low,Production,Infrastructure,Active
CSE-026-AST-027,CSE-026,Industrial_System,Database,Medium,Partially_Monitored,CTRL-DET-02,Medium,Production,Network,Active
CSE-026-AST-028,CSE-026,Industrial_System,Messaging,High,Partially_Monitored,CTRL-VUL-05,High,DR,Network,Active
CSE-026-AST-029,CSE-026,Network_Device,Identity,Low,Monitored,CTRL-ACC-04,Low,Production,IT_Operations,Active
CSE-026-AST-030,CSE-026,Database,Identity,Low,Monitored,CTRL-MON-01,Low,Development,Application,Active
CSE-026-AST-031,CSE-026,Industrial_System,Messaging,Medium,Monitored,CTRL-DET-02,Medium,DR,SOC,Active
CSE-026-AST-032,CSE-026,Server,Core_Network,High,Monitored,CTRL-IR-03,High,DR,SOC,Retired
CSE-026-AST-033,CSE-026,Network_Device,Core_Network,Low,Monitored,CTRL-VUL-05,Low,DR,Application,Active
CSE-026-AST-034,CSE-026,Network_Device,Operations,Medium,Monitored,CTRL-MON-01,Medium,DR,Application,Active
CSE-027-AST-001,CSE-027,Application,Identity,Low,Partially_Monitored,CTRL-MON-01,Low,Development,Application,Active
CSE-027-AST-002,CSE-027,Server,Identity,High,Monitored,CTRL-DET-02,High,Corporate,SOC,Active
CSE-027-AST-003,CSE-027,Application,Industrial_Control,Medium,Monitored,CTRL-MON-01,Medium,Corporate,Application,Active
CSE-027-AST-004,CSE-027,Cloud_Service,Business_App,Medium,Monitored,CTRL-IR-03,Medium,Production,SOC,Active
CSE-027-AST-005,CSE-027,Database,Operations,High,Partially_Monitored,CTRL-MON-01,High,DR,IT_Operations,Active
CSE-027-AST-006,CSE-027,Industrial_System,Messaging,Medium,Monitored,CTRL-MON-01,Medium,Development,IT_Operations,Active
CSE-027-AST-007,CSE-027,Server,Database,Medium,Monitored,CTRL-IR-03,Medium,DR,Network,Active
CSE-027-AST-008,CSE-027,Network_Device,Public_Facing,Low,Monitored,CTRL-DET-02,Low,Corporate,IT_Operations,Active
CSE-027-AST-009,CSE-027,Database,Core_Network,High,Monitored,CTRL-IR-03,High,Corporate,SOC,Active
CSE-027-AST-010,CSE-027,Industrial_System,Operations,Low,Monitored,CTRL-MON-01,Low,Corporate,IT_Operations,Active
CSE-027-AST-011,CSE-027,Server,Public_Facing,Medium,Monitored,CTRL-MON-01,Medium,DR,IT_Operations,Active
CSE-027-AST-012,CSE-027,Application,Operations,Low,Monitored,CTRL-IR-03,Low,Production,IT_Operations,Active
CSE-027-AST-013,CSE-027,Server,Messaging,Medium,Not_Monitored,CTRL-IR-03,Medium,DR,IT_Operations,Active
CSE-027-AST-014,CSE-027,Cloud_Service,Public_Facing,Low,Monitored,CTRL-ACC-04,Low,Development,IT_Operations,Active
CSE-027-AST-015,CSE-027,Network_Device,Identity,Medium,Monitored,CTRL-DET-02,Medium,Production,Infrastructure,Active
CSE-027-AST-016,CSE-027,Application,Business_App,Low,Monitored,CTRL-ACC-04,Low,Corporate,Application,Active
CSE-027-AST-017,CSE-027,Application,Industrial_Control,Medium,Monitored,CTRL-MON-01,Medium,Production,IT_Operations,Active
CSE-027-AST-018,CSE-027,Network_Device,Core_Network,Critical,Monitored,CTRL-ACC-04,Critical,Production,Application,Active
CSE-027-AST-019,CSE-027,Database,Identity,Medium,Monitored,CTRL-DET-02,Medium,Development,Infrastructure,Active
CSE-027-AST-020,CSE-027,Network_Device,Industrial_Control,High,Partially_Monitored,CTRL-IR-03,High,Corporate,Application,Active
CSE-027-AST-021,CSE-027,Cloud_Service,Operations,Low,Monitored,CTRL-ACC-04,Low,Production,Infrastructure,Retired
CSE-027-AST-022,CSE-027,Industrial_System,Operations,Low,Monitored,CTRL-VUL-05,Low,Corporate,Network,Active
CSE-027-AST-023,CSE-027,Application,Core_Network,Medium,Not_Monitored,CTRL-IR-03,Medium,DR,Network,Active
CSE-027-AST-024,CSE-027,Application,Messaging,Medium,Partially_Monitored,CTRL-DET-02,Medium,DR,Network,Active
CSE-027-AST-025,CSE-027,Network_Device,Database,Low,Monitored,CTRL-IR-03,Low,DR,Application,Active
CSE-027-AST-026,CSE-027,Database,Identity,High,Partially_Monitored,CTRL-ACC-04,High,Corporate,Infrastructure,Active
CSE-027-AST-027,CSE-027,Database,Core_Network,Medium,Monitored,CTRL-VUL-05,Medium,Corporate,Network,Active
CSE-028-AST-001,CSE-028,Database,Industrial_Control,Low,Monitored,CTRL-DET-02,Low,DR,IT_Operations,Active
CSE-028-AST-002,CSE-028,Server,Core_Network,High,Monitored,CTRL-IR-03,High,Corporate,Infrastructure,Active
CSE-028-AST-003,CSE-028,Database,Industrial_Control,Medium,Monitored,CTRL-MON-01,Medium,DR,SOC,Active
CSE-028-AST-004,CSE-028,Endpoint,Public_Facing,Medium,Monitored,CTRL-DET-02,Medium,Production,IT_Operations,Active
CSE-028-AST-005,CSE-028,Network_Device,Identity,Medium,Monitored,CTRL-DET-02,Medium,Development,Network,Active
CSE-028-AST-006,CSE-028,Database,Database,High,Monitored,CTRL-MON-01,High,Corporate,IT_Operations,Active
CSE-028-AST-007,CSE-028,Industrial_System,Business_App,Low,Not_Monitored,CTRL-DET-02,Low,Corporate,Network,Active
CSE-028-AST-008,CSE-028,Cloud_Service,Business_App,Medium,Monitored,CTRL-DET-02,Medium,Corporate,SOC,Active
CSE-028-AST-009,CSE-028,Endpoint,Database,High,Not_Monitored,CTRL-ACC-04,High,Development,SOC,Active
CSE-028-AST-010,CSE-028,Network_Device,Core_Network,Low,Not_Monitored,CTRL-DET-02,Low,Development,Application,Active
CSE-028-AST-011,CSE-028,Network_Device,Core_Network,Medium,Monitored,CTRL-IR-03,Medium,Development,Network,Active
CSE-028-AST-012,CSE-028,Endpoint,Industrial_Control,Low,Monitored,CTRL-ACC-04,Low,Corporate,Application,Active
CSE-028-AST-013,CSE-028,Application,Industrial_Control,Low,Monitored,CTRL-VUL-05,Low,Corporate,Network,Active
CSE-028-AST-014,CSE-028,Database,Identity,Low,Not_Monitored,CTRL-DET-02,Low,DR,SOC,Active
CSE-028-AST-015,CSE-028,Cloud_Service,Business_App,High,Monitored,CTRL-VUL-05,High,Corporate,SOC,Active
CSE-028-AST-016,CSE-028,Database,Public_Facing,Low,Partially_Monitored,CTRL-MON-01,Low,Development,Application,Active
CSE-028-AST-017,CSE-028,Endpoint,Business_App,Low,Monitored,CTRL-ACC-04,Low,DR,Application,Active
CSE-028-AST-018,CSE-028,Industrial_System,Public_Facing,Low,Partially_Monitored,CTRL-VUL-05,Low,DR,SOC,Active
CSE-028-AST-019,CSE-028,Database,Industrial_Control,Low,Monitored,CTRL-DET-02,Low,Corporate,IT_Operations,Active
CSE-028-AST-020,CSE-028,Cloud_Service,Public_Facing,Low,Monitored,CTRL-IR-03,Low,Production,Network,Active
CSE-028-AST-021,CSE-028,Network_Device,Identity,Medium,Monitored,CTRL-DET-02,Medium,Development,SOC,Retired
CSE-028-AST-022,CSE-028,Server,Messaging,Medium,Monitored,CTRL-VUL-05,Medium,Corporate,SOC,Active
CSE-028-AST-023,CSE-028,Server,Business_App,Medium,Monitored,CTRL-ACC-04,Medium,DR,IT_Operations,Active
CSE-028-AST-024,CSE-028,Application,Identity,Critical,Monitored,CTRL-ACC-04,Critical,Development,Network,Active
CSE-028-AST-025,CSE-028,Network_Device,Database,Medium,Partially_Monitored,CTRL-VUL-05,Medium,Production,Network,Active
CSE-028-AST-026,CSE-028,Network_Device,Messaging,Medium,Monitored,CTRL-MON-01,Medium,Corporate,IT_Operations,Active
CSE-028-AST-027,CSE-028,Application,Database,Medium,Monitored,CTRL-ACC-04,Medium,Production,Network,Active
CSE-028-AST-028,CSE-028,Network_Device,Messaging,Low,Partially_Monitored,CTRL-IR-03,Low,Development,SOC,Active
CSE-028-AST-029,CSE-028,Cloud_Service,Identity,Low,Monitored,CTRL-DET-02,Low,Development,Infrastructure,Active
CSE-028-AST-030,CSE-028,Network_Device,Operations,Low,Monitored,CTRL-VUL-05,Low,Development,Application,Active
CSE-028-AST-031,CSE-028,Network_Device,Core_Network,High,Monitored,CTRL-MON-01,High,Production,IT_Operations,Active
CSE-028-AST-032,CSE-028,Cloud_Service,Business_App,Low,Monitored,CTRL-IR-03,Low,Production,Network,Active
CSE-028-AST-033,CSE-028,Endpoint,Industrial_Control,High,Partially_Monitored,CTRL-DET-02,High,Corporate,Network,Active
CSE-028-AST-034,CSE-028,Industrial_System,Public_Facing,Critical,Monitored,CTRL-VUL-05,Critical,Production,Network,Active
CSE-028-AST-035,CSE-028,Cloud_Service,Messaging,Low,Monitored,CTRL-VUL-05,Low,Corporate,SOC,Active
CSE-028-AST-036,CSE-028,Network_Device,Operations,Medium,Monitored,CTRL-DET-02,Medium,Corporate,SOC,Retired
CSE-028-AST-037,CSE-028,Cloud_Service,Messaging,Low,Not_Monitored,CTRL-ACC-04,Low,Development,IT_Operations,Active
CSE-028-AST-038,CSE-028,Database,Business_App,Medium,Monitored,CTRL-MON-01,Medium,Corporate,SOC,Active
CSE-028-AST-039,CSE-028,Endpoint,Core_Network,Critical,Not_Monitored,CTRL-VUL-05,Critical,DR,Network,Active
CSE-028-AST-040,CSE-028,Cloud_Service,Industrial_Control,High,Monitored,CTRL-IR-03,High,Development,Network,Active
CSE-028-AST-041,CSE-028,Application,Business_App,Medium,Not_Monitored,CTRL-ACC-04,Medium,Corporate,Infrastructure,Active
CSE-028-AST-042,CSE-028,Server,Operations,Medium,Partially_Monitored,CTRL-DET-02,Medium,Corporate,SOC,Active
CSE-028-AST-043,CSE-028,Database,Industrial_Control,Low,Monitored,CTRL-MON-01,Low,DR,Network,Active
CSE-028-AST-044,CSE-028,Endpoint,Industrial_Control,Medium,Not_Monitored,CTRL-ACC-04,Medium,DR,IT_Operations,Active
CSE-028-AST-045,CSE-028,Server,Operations,Medium,Monitored,CTRL-DET-02,Medium,Development,IT_Operations,Active
CSE-028-AST-046,CSE-028,Industrial_System,Business_App,Medium,Monitored,CTRL-ACC-04,Medium,Production,Application,Active
CSE-028-AST-047,CSE-028,Endpoint,Business_App,High,Monitored,CTRL-IR-03,High,DR,Application,Active
CSE-028-AST-048,CSE-028,Network_Device,Industrial_Control,Low,Monitored,CTRL-VUL-05,Low,Development,Network,Active
CSE-028-AST-049,CSE-028,Server,Industrial_Control,Low,Monitored,CTRL-ACC-04,Low,DR,Network,Active
CSE-028-AST-050,CSE-028,Endpoint,Identity,Medium,Monitored,CTRL-DET-02,Medium,Development,SOC,Active
CSE-028-AST-051,CSE-028,Industrial_System,Identity,High,Monitored,CTRL-ACC-04,High,Production,Infrastructure,Active
CSE-028-AST-052,CSE-028,Database,Public_Facing,Low,Monitored,CTRL-IR-03,Low,DR,Infrastructure,Active
CSE-028-AST-053,CSE-028,Network_Device,Business_App,Medium,Monitored,CTRL-VUL-05,Medium,DR,IT_Operations,Active
CSE-028-AST-054,CSE-028,Network_Device,Database,Low,Monitored,CTRL-ACC-04,Low,Corporate,IT_Operations,Retired
CSE-028-AST-055,CSE-028,Network_Device,Industrial_Control,High,Not_Monitored,CTRL-ACC-04,High,DR,Infrastructure,Active
CSE-028-AST-056,CSE-028,Endpoint,Operations,Medium,Monitored,CTRL-DET-02,Medium,Development,Application,Active
CSE-028-AST-057,CSE-028,Endpoint,Operations,Critical,Not_Monitored,CTRL-MON-01,Critical,Development,IT_Operations,Active
CSE-028-AST-058,CSE-028,Cloud_Service,Industrial_Control,High,Partially_Monitored,CTRL-DET-02,High,Corporate,Infrastructure,Active
CSE-028-AST-059,CSE-028,Cloud_Service,Messaging,Medium,Not_Monitored,CTRL-MON-01,Medium,Development,IT_Operations,Active
CSE-028-AST-060,CSE-028,Application,Core_Network,High,Monitored,CTRL-MON-01,High,Production,SOC,Active
CSE-028-AST-061,CSE-028,Server,Core_Network,Medium,Not_Monitored,CTRL-DET-02,Medium,Corporate,IT_Operations,Active
CSE-028-AST-062,CSE-028,Industrial_System,Identity,Medium,Monitored,CTRL-ACC-04,Medium,Corporate,Network,Active
CSE-028-AST-063,CSE-028,Database,Operations,Medium,Monitored,CTRL-VUL-05,Medium,DR,IT_Operations,Active
CSE-028-AST-064,CSE-028,Database,Identity,Low,Not_Monitored,CTRL-VUL-05,Low,Production,Application,Active
CSE-028-AST-065,CSE-028,Application,Business_App,Medium,Monitored,CTRL-DET-02,Medium,DR,Network,Active
CSE-028-AST-066,CSE-028,Application,Messaging,Low,Monitored,CTRL-IR-03,Low,Production,Application,Active
CSE-029-AST-001,CSE-029,Industrial_System,Messaging,Low,Monitored,CTRL-MON-01,Low,DR,IT_Operations,Active
CSE-029-AST-002,CSE-029,Application,Messaging,High,Not_Monitored,CTRL-MON-01,High,Production,Infrastructure,Active
CSE-029-AST-003,CSE-029,Endpoint,Business_App,Low,Not_Monitored,CTRL-MON-01,Low,Production,Application,Active
CSE-029-AST-004,CSE-029,Application,Operations,High,Monitored,CTRL-VUL-05,High,Corporate,Network,Active
CSE-029-AST-005,CSE-029,Application,Public_Facing,Low,Partially_Monitored,CTRL-ACC-04,Low,Corporate,SOC,Active
CSE-029-AST-006,CSE-029,Network_Device,Core_Network,Medium,Monitored,CTRL-MON-01,Medium,Corporate,Application,Active
CSE-029-AST-007,CSE-029,Database,Operations,Medium,Monitored,CTRL-VUL-05,Medium,DR,SOC,Active
CSE-029-AST-008,CSE-029,Endpoint,Business_App,Medium,Monitored,CTRL-MON-01,Medium,DR,SOC,Active
CSE-029-AST-009,CSE-029,Application,Database,High,Not_Monitored,CTRL-MON-01,High,Production,IT_Operations,Active
CSE-029-AST-010,CSE-029,Endpoint,Identity,Medium,Monitored,CTRL-VUL-05,Medium,DR,SOC,Active
CSE-029-AST-011,CSE-029,Database,Identity,Medium,Monitored,CTRL-ACC-04,Medium,Development,SOC,Active
CSE-029-AST-012,CSE-029,Endpoint,Industrial_Control,Medium,Not_Monitored,CTRL-VUL-05,Medium,Corporate,SOC,Active
CSE-029-AST-013,CSE-029,Database,Identity,Medium,Partially_Monitored,CTRL-MON-01,Medium,Production,SOC,Active
CSE-029-AST-014,CSE-029,Industrial_System,Core_Network,Low,Partially_Monitored,CTRL-IR-03,Low,DR,Network,Retired
CSE-029-AST-015,CSE-029,Database,Industrial_Control,High,Monitored,CTRL-VUL-05,High,Production,SOC,Active
CSE-029-AST-016,CSE-029,Server,Industrial_Control,Medium,Monitored,CTRL-ACC-04,Medium,Development,Network,Active
CSE-029-AST-017,CSE-029,Industrial_System,Public_Facing,Low,Not_Monitored,CTRL-ACC-04,Low,Corporate,Application,Retired
CSE-029-AST-018,CSE-029,Industrial_System,Database,Medium,Monitored,CTRL-DET-02,Medium,Corporate,Infrastructure,Active
CSE-029-AST-019,CSE-029,Server,Operations,Low,Partially_Monitored,CTRL-DET-02,Low,DR,SOC,Active
CSE-029-AST-020,CSE-029,Network_Device,Public_Facing,Critical,Monitored,CTRL-ACC-04,Critical,Development,IT_Operations,Active
CSE-029-AST-021,CSE-029,Database,Business_App,High,Monitored,CTRL-DET-02,High,Development,IT_Operations,Active
CSE-029-AST-022,CSE-029,Endpoint,Database,Low,Monitored,CTRL-IR-03,Low,Development,Application,Active
CSE-029-AST-023,CSE-029,Network_Device,Database,Medium,Not_Monitored,CTRL-IR-03,Medium,DR,IT_Operations,Retired
CSE-029-AST-024,CSE-029,Cloud_Service,Identity,Medium,Partially_Monitored,CTRL-IR-03,Medium,Production,SOC,Active
CSE-029-AST-025,CSE-029,Database,Database,Low,Partially_Monitored,CTRL-MON-01,Low,Production,Infrastructure,Active
CSE-029-AST-026,CSE-029,Application,Operations,Low,Monitored,CTRL-DET-02,Low,Development,SOC,Active
CSE-029-AST-027,CSE-029,Server,Business_App,High,Monitored,CTRL-IR-03,High,Production,Application,Active
CSE-029-AST-028,CSE-029,Application,Identity,Medium,Monitored,CTRL-MON-01,Medium,Corporate,Infrastructure,Active
CSE-029-AST-029,CSE-029,Database,Identity,Medium,Monitored,CTRL-ACC-04,Medium,Production,Network,Active
CSE-029-AST-030,CSE-029,Endpoint,Database,Medium,Partially_Monitored,CTRL-ACC-04,Medium,Corporate,Infrastructure,Active
CSE-029-AST-031,CSE-029,Application,Public_Facing,Low,Monitored,CTRL-DET-02,Low,Development,Network,Active
CSE-029-AST-032,CSE-029,Server,Business_App,Low,Monitored,CTRL-ACC-04,Low,Development,IT_Operations,Active
CSE-029-AST-033,CSE-029,Database,Identity,Low,Monitored,CTRL-IR-03,Low,Production,IT_Operations,Active
CSE-029-AST-034,CSE-029,Endpoint,Messaging,Low,Monitored,CTRL-ACC-04,Low,DR,SOC,Active
CSE-029-AST-035,CSE-029,Server,Business_App,Critical,Not_Monitored,CTRL-IR-03,Critical,DR,Network,Active
CSE-029-AST-036,CSE-029,Industrial_System,Identity,High,Not_Monitored,CTRL-DET-02,High,Production,Infrastructure,Active
CSE-030-AST-001,CSE-030,Server,Core_Network,Low,Partially_Monitored,CTRL-MON-01,Low,DR,SOC,Active
CSE-030-AST-002,CSE-030,Server,Operations,Low,Monitored,CTRL-IR-03,Low,Corporate,Application,Active
CSE-030-AST-003,CSE-030,Endpoint,Identity,Medium,Partially_Monitored,CTRL-ACC-04,Medium,Corporate,IT_Operations,Retired
CSE-030-AST-004,CSE-030,Industrial_System,Messaging,Medium,Monitored,CTRL-MON-01,Medium,DR,IT_Operations,Active
CSE-030-AST-005,CSE-030,Server,Core_Network,High,Not_Monitored,CTRL-ACC-04,High,Development,Network,Retired
CSE-030-AST-006,CSE-030,Industrial_System,Business_App,Low,Not_Monitored,CTRL-ACC-04,Low,Corporate,SOC,Retired
CSE-030-AST-007,CSE-030,Industrial_System,Industrial_Control,High,Monitored,CTRL-DET-02,High,Development,Infrastructure,Active
CSE-030-AST-008,CSE-030,Network_Device,Public_Facing,Medium,Monitored,CTRL-VUL-05,Medium,Production,Network,Active
CSE-030-AST-009,CSE-030,Endpoint,Operations,Low,Monitored,CTRL-VUL-05,Low,DR,SOC,Active
CSE-030-AST-010,CSE-030,Server,Database,Low,Monitored,CTRL-VUL-05,Low,Corporate,SOC,Active
CSE-030-AST-011,CSE-030,Application,Messaging,Medium,Monitored,CTRL-MON-01,Medium,Production,SOC,Active
CSE-030-AST-012,CSE-030,Industrial_System,Messaging,Low,Monitored,CTRL-IR-03,Low,Development,SOC,Active
CSE-030-AST-013,CSE-030,Industrial_System,Business_App,Low,Monitored,CTRL-DET-02,Low,Production,Network,Active
CSE-030-AST-014,CSE-030,Cloud_Service,Core_Network,Medium,Monitored,CTRL-IR-03,Medium,Production,IT_Operations,Active
CSE-030-AST-015,CSE-030,Cloud_Service,Operations,High,Partially_Monitored,CTRL-DET-02,High,Development,Application,Active
CSE-030-AST-016,CSE-030,Endpoint,Public_Facing,Medium,Partially_Monitored,CTRL-IR-03,Medium,DR,SOC,Active
CSE-030-AST-017,CSE-030,Server,Identity,Medium,Partially_Monitored,CTRL-VUL-05,Medium,Production,Infrastructure,Retired
CSE-030-AST-018,CSE-030,Endpoint,Database,Low,Monitored,CTRL-VUL-05,Low,Production,Application,Active
CSE-030-AST-019,CSE-030,Server,Industrial_Control,Low,Monitored,CTRL-IR-03,Low,DR,Network,Active
CSE-030-AST-020,CSE-030,Cloud_Service,Public_Facing,Low,Monitored,CTRL-IR-03,Low,Corporate,Application,Retired
CSE-030-AST-021,CSE-030,Application,Messaging,Medium,Monitored,CTRL-MON-01,Medium,Production,SOC,Active
CSE-030-AST-022,CSE-030,Application,Database,Low,Monitored,CTRL-VUL-05,Low,Production,IT_Operations,Active
CSE-030-AST-023,CSE-030,Server,Messaging,High,Monitored,CTRL-MON-01,High,Production,Infrastructure,Active
CSE-030-AST-024,CSE-030,Industrial_System,Identity,Low,Not_Monitored,CTRL-MON-01,Low,DR,SOC,Active
CSE-030-AST-025,CSE-030,Application,Identity,Medium,Partially_Monitored,CTRL-ACC-04,Medium,DR,SOC,Active
CSE-030-AST-026,CSE-030,Server,Database,High,Partially_Monitored,CTRL-ACC-04,High,DR,Network,Active
CSE-030-AST-027,CSE-030,Endpoint,Identity,High,Monitored,CTRL-ACC-04,High,Production,IT_Operations,Active
CSE-030-AST-028,CSE-030,Server,Identity,Critical,Monitored,CTRL-VUL-05,Critical,DR,IT_Operations,Active
CSE-030-AST-029,CSE-030,Network_Device,Business_App,Medium,Monitored,CTRL-IR-03,Medium,Development,IT_Operations,Active
CSE-030-AST-030,CSE-030,Application,Messaging,High,Partially_Monitored,CTRL-VUL-05,High,DR,Network,Active
CSE-030-AST-031,CSE-030,Server,Messaging,Medium,Partially_Monitored,CTRL-IR-03,Medium,Development,IT_Operations,Active
CSE-030-AST-032,CSE-030,Cloud_Service,Messaging,Medium,Monitored,CTRL-IR-03,Medium,Production,IT_Operations,Active
CSE-030-AST-033,CSE-030,Application,Messaging,Low,Monitored,CTRL-VUL-05,Low,Corporate,Network,Active
CSE-030-AST-034,CSE-030,Network_Device,Operations,Medium,Not_Monitored,CTRL-IR-03,Medium,DR,IT_Operations,Active
CSE-030-AST-035,CSE-030,Server,Industrial_Control,Medium,Monitored,CTRL-DET-02,Medium,Production,Application,Active
CSE-030-AST-036,CSE-030,Database,Database,Low,Partially_Monitored,CTRL-VUL-05,Low,Development,IT_Operations,Active
CSE-030-AST-037,CSE-030,Network_Device,Identity,High,Monitored,CTRL-MON-01,High,DR,Application,Active
CSE-030-AST-038,CSE-030,Server,Identity,Medium,Partially_Monitored,CTRL-IR-03,Medium,Corporate,SOC,Active
CSE-030-AST-039,CSE-030,Industrial_System,Core_Network,High,Monitored,CTRL-VUL-05,High,Development,SOC,Active
CSE-030-AST-040,CSE-030,Network_Device,Public_Facing,Low,Partially_Monitored,CTRL-IR-03,Low,Development,Network,Active
CSE-030-AST-041,CSE-030,Industrial_System,Database,High,Monitored,CTRL-ACC-04,High,Corporate,Infrastructure,Active
CSE-030-AST-042,CSE-030,Application,Public_Facing,Medium,Monitored,CTRL-MON-01,Medium,Production,IT_Operations,Active
CSE-030-AST-043,CSE-030,Application,Business_App,Medium,Not_Monitored,CTRL-MON-01,Medium,Production,SOC,Active
CSE-030-AST-044,CSE-030,Application,Industrial_Control,High,Monitored,CTRL-ACC-04,High,Production,Application,Retired
CSE-030-AST-045,CSE-030,Industrial_System,Public_Facing,Low,Monitored,CTRL-DET-02,Low,Production,Infrastructure,Active
CSE-030-AST-046,CSE-030,Application,Database,Low,Monitored,CTRL-IR-03,Low,Development,SOC,Active
CSE-030-AST-047,CSE-030,Application,Core_Network,Low,Monitored,CTRL-VUL-05,Low,DR,IT_Operations,Active
CSE-030-AST-048,CSE-030,Application,Database,Low,Not_Monitored,CTRL-ACC-04,Low,Corporate,Application,Active
CSE-030-AST-049,CSE-030,Endpoint,Public_Facing,High,Partially_Monitored,CTRL-VUL-05,High,Corporate,Application,Active
CSE-030-AST-050,CSE-030,Network_Device,Business_App,Medium,Monitored,CTRL-IR-03,Medium,Development,Network,Active
CSE-030-AST-051,CSE-030,Endpoint,Core_Network,Low,Monitored,CTRL-DET-02,Low,Corporate,Network,Active
CSE-030-AST-052,CSE-030,Cloud_Service,Identity,Medium,Monitored,CTRL-VUL-05,Medium,Production,Application,Active
CSE-030-AST-053,CSE-030,Application,Public_Facing,Low,Partially_Monitored,CTRL-IR-03,Low,Production,Application,Active
CSE-030-AST-054,CSE-030,Network_Device,Identity,Low,Monitored,CTRL-ACC-04,Low,Production,SOC,Active
CSE-030-AST-055,CSE-030,Industrial_System,Operations,Low,Monitored,CTRL-ACC-04,Low,Development,Network,Active
CSE-030-AST-056,CSE-030,Endpoint,Business_App,High,Monitored,CTRL-MON-01,High,Development,Network,Active
CSE-030-AST-057,CSE-030,Database,Messaging,Low,Monitored,CTRL-VUL-05,Low,DR,Infrastructure,Active
CSE-030-AST-058,CSE-030,Application,Business_App,Low,Monitored,CTRL-VUL-05,Low,Development,SOC,Retired
CSE-030-AST-059,CSE-030,Network_Device,Core_Network,Low,Monitored,CTRL-DET-02,Low,DR,Application,Active
CSE-030-AST-060,CSE-030,Endpoint,Identity,Medium,Not_Monitored,CTRL-MON-01,Medium,Corporate,Infrastructure,Active
CSE-030-AST-061,CSE-030,Server,Database,Low,Not_Monitored,CTRL-DET-02,Low,Production,SOC,Retired
CSE-030-AST-062,CSE-030,Server,Messaging,Medium,Not_Monitored,CTRL-IR-03,Medium,Development,Application,Active
CSE-030-AST-063,CSE-030,Industrial_System,Core_Network,High,Monitored,CTRL-ACC-04,High,Corporate,SOC,Active
CSE-030-AST-064,CSE-030,Server,Core_Network,Medium,Monitored,CTRL-ACC-04,Medium,Production,Network,Active
CSE-030-AST-065,CSE-030,Server,Messaging,Medium,Not_Monitored,CTRL-ACC-04,Medium,DR,Application,Active
CSE-030-AST-066,CSE-030,Database,Business_App,Medium,Monitored,CTRL-ACC-04,Medium,Production,SOC,Active
CSE-030-AST-067,CSE-030,Endpoint,Identity,High,Monitored,CTRL-MON-01,High,DR,Network,Active
CSE-030-AST-068,CSE-030,Application,Operations,High,Monitored,CTRL-VUL-05,High,Corporate,Application,Active
CSE-030-AST-069,CSE-030,Database,Core_Network,Critical,Not_Monitored,CTRL-VUL-05,Critical,Production,Network,Active
CSE-030-AST-070,CSE-030,Industrial_System,Core_Network,Medium,Monitored,CTRL-DET-02,Medium,Development,Infrastructure,Active
CSE-030-AST-071,CSE-030,Application,Database,Critical,Monitored,CTRL-MON-01,Critical,DR,SOC,Active
CSE-030-AST-072,CSE-030,Server,Messaging,Medium,Monitored,CTRL-DET-02,Medium,Corporate,Application,Active
CSE-030-AST-073,CSE-030,Endpoint,Identity,High,Partially_Monitored,CTRL-MON-01,High,DR,Network,Active
CSE-030-AST-074,CSE-030,Database,Identity,Low,Not_Monitored,CTRL-IR-03,Low,Corporate,Network,Active
CSE-030-AST-075,CSE-030,Endpoint,Identity,Medium,Monitored,CTRL-IR-03,Medium,DR,IT_Operations,Retired
CSE-030-AST-076,CSE-030,Application,Operations,Medium,Monitored,CTRL-DET-02,Medium,Corporate,Application,Active
CSE-030-AST-077,CSE-030,Network_Device,Operations,Low,Monitored,CTRL-IR-03,Low,Corporate,Infrastructure,Active
CSE-030-AST-078,CSE-030,Server,Business_App,Medium,Monitored,CTRL-MON-01,Medium,Corporate,Application,Active
CSE-030-AST-079,CSE-030,Cloud_Service,Identity,Medium,Monitored,CTRL-MON-01,Medium,DR,SOC,Active
CSE-030-AST-080,CSE-030,Database,Public_Facing,Medium,Partially_Monitored,CTRL-DET-02,Medium,Production,SOC,Active
CSE-030-AST-081,CSE-030,Network_Device,Operations,Medium,Monitored,CTRL-ACC-04,Medium,Development,Application,Active
CSE-030-AST-082,CSE-030,Server,Messaging,Low,Monitored,CTRL-ACC-04,Low,Development,IT_Operations,Active
CSE-030-AST-083,CSE-030,Database,Industrial_Control,High,Monitored,CTRL-VUL-05,High,Corporate,Application,Active
CSE-030-AST-084,CSE-030,Endpoint,Public_Facing,Medium,Monitored,CTRL-ACC-04,Medium,DR,Infrastructure,Retired
CSE-030-AST-085,CSE-030,Cloud_Service,Business_App,High,Monitored,CTRL-VUL-05,High,Development,Application,Active
CSE-030-AST-086,CSE-030,Endpoint,Core_Network,Low,Monitored,CTRL-IR-03,Low,DR,SOC,Active
CSE-030-AST-087,CSE-030,Endpoint,Industrial_Control,Medium,Partially_Monitored,CTRL-DET-02,Medium,DR,Infrastructure,Retired
CSE-030-AST-088,CSE-030,Network_Device,Database,Medium,Partially_Monitored,CTRL-ACC-04,Medium,Corporate,IT_Operations,Active
CSE-030-AST-089,CSE-030,Server,Messaging,Medium,Monitored,CTRL-ACC-04,Medium,Corporate,Infrastructure,Active
CSE-030-AST-090,CSE-030,Database,Industrial_Control,Medium,Monitored,CTRL-VUL-05,Medium,Production,Network,Active
CSE-030-AST-091,CSE-030,Endpoint,Database,High,Monitored,CTRL-MON-01,High,DR,IT_Operations,Active
CSE-030-AST-092,CSE-030,Application,Public_Facing,High,Monitored,CTRL-DET-02,High,DR,Network,Active
CSE-030-AST-093,CSE-030,Cloud_Service,Business_App,High,Monitored,CTRL-ACC-04,High,DR,Application,Retired
CSE-030-AST-094,CSE-030,Cloud_Service,Messaging,Low,Not_Monitored,CTRL-IR-03,Low,Development,Infrastructure,Active
CSE-030-AST-095,CSE-030,Industrial_System,Database,Low,Monitored,CTRL-MON-01,Low,Corporate,Infrastructure,Active
CSE-030-AST-096,CSE-030,Application,Industrial_Control,Low,Monitored,CTRL-VUL-05,Low,DR,SOC,Active
CSE-030-AST-097,CSE-030,Cloud_Service,Database,Medium,Monitored,CTRL-ACC-04,Medium,Development,SOC,Active
CSE-030-AST-098,CSE-030,Industrial_System,Public_Facing,Low,Partially_Monitored,CTRL-MON-01,Low,DR,Infrastructure,Active
CSE-030-AST-099,CSE-030,Industrial_System,Business_App,Critical,Monitored,CTRL-DET-02,Critical,Development,Infrastructure,Active
CSE-030-AST-100,CSE-030,Endpoint,Operations,Medium,Monitored,CTRL-DET-02,Medium,DR,Infrastructure,Active
